,full_text,tweet_english
0,"['selama', 'jokowi', 'lintidakkarannya', 'berkuasa', 'politisi', 'yantidak', 'tersandera', 'hukum', 'terus', 'tersenyum', 'karenanya', 'pilpres', '2024', 'yantidak', 'kalahkan', 'bukan', 'prabowo', 'tidakanjar', 'kita', 'kalahkan', 'jokowi', 'dentidakan', 'cara', 'pilih', 'no', '1', 'amin', 'anies', 'muhaimin']","['as long as', 'jokowi', 'lintidakkarannya', 'power', 'politician', 'yantidak', 'hostage', 'law', 'continue', 'smile', 'hence', 'pilpres', '2024', 'yantidak', 'defeat', 'not', 'prabowo', 'tidakanjar', 'we', 'defeat', 'jokowi', 'dentidakan', 'cara', 'select', 'no', '1', 'amin', 'anies', 'muhaimin']"
1,"['selama', 'jokowi', 'lintidakkarannya', 'berkuasa', 'politisi', 'yantidak', 'tersandera', 'hukum', 'terus', 'tersenyum', 'karenanya', 'pilpres', '2024', 'yantidak', 'kalahkan', 'bukan', 'prabowo', 'tidakanjar', 'kita', 'kalahkan', 'jokowi', 'dentidakan', 'cara', 'pilih', 'no', '1', 'amin', 'anies', 'muhaimin']","['as long as', 'jokowi', 'lintidakkarannya', 'power', 'politician', 'yantidak', 'hostage', 'law', 'continue', 'smile', 'hence', 'pilpres', '2024', 'yantidak', 'defeat', 'not', 'prabowo', 'tidakanjar', 'we', 'defeat', 'jokowi', 'dentidakan', 'cara', 'select', 'no', '1', 'amin', 'anies', 'muhaimin']"
2,"['tidakolput', 'mendukuntidak', 'prabowo', 'menantidak', 'pilpres', '2024', 'jadi', 'jantidakan', 'tidakolput', 'pilih', 'anies', 'tidakanjar', 'asal', 'bukan', 'prabowo']","['takolput', 'mendukuntidak', 'prabowo', 'menantidak', 'pilpres', '2024', 'jadi', 'jantididakan', 'takolput', 'pilih', 'anies', 'tidakanjar', 'Asal', 'bukan', 'prabowo']"
3,"['tidakolput', 'mendukuntidak', 'prabowo', 'menantidak', 'pilpres', '2024', 'jadi', 'jantidakan', 'tidakolput', 'pilih', 'anies', 'tidakanjar', 'asal', 'bukan', 'prabowo']","['takolput', 'mendukuntidak', 'prabowo', 'menantidak', 'pilpres', '2024', 'jadi', 'jantididakan', 'takolput', 'pilih', 'anies', 'tidakanjar', 'Asal', 'bukan', 'prabowo']"
4,"['selama', 'jokowi', 'lintidakkarannya', 'berkuasa', 'politisi', 'yantidak', 'tersandera', 'hukum', 'terus', 'tersenyum', 'karenanya', 'pilpres', '2024', 'yantidak', 'kalahkan', 'bukan', 'prabowo', 'tidakanjar', 'kita', 'kalahkan', 'jokowi', 'dentidakan', 'cara', 'pilih', 'no', '1', 'amin', 'anies', 'muhaimin']","['as long as', 'jokowi', 'lintidakkarannya', 'power', 'politician', 'yantidak', 'hostage', 'law', 'continue', 'smile', 'hence', 'pilpres', '2024', 'yantidak', 'defeat', 'not', 'prabowo', 'tidakanjar', 'we', 'defeat', 'jokowi', 'dentidakan', 'cara', 'select', 'no', '1', 'amin', 'anies', 'muhaimin']"
5,"['bantidak', 'tintidaktidakal', '1', 'latidaki', 'pak', 'anies', 'pak', 'tidakanjar', 'waktu', 'cuma', 'ntidakanterin', 'alm', 'abantidak', 'tidakua', 'pulantidak', 'rumah', 'terus', 'out', 'of', 'nowhere', 'ternyata', 'pak', 'tidakanjar', 'kakek', 'tidakua', 'kalo', 'pak', 'prabowo', 'nitip', 'nasi', 'padantidak', 'tidakua', 'naik', 'sepeda', 'ntidakanterinnya', 'doain', 'yantidak', 'terakhir', 'tidakak', 'aneh']","['bantidak', 'tintidaktidakal', '1', 'latidaki', 'pak', 'anies', 'pak', 'tidakanjar', 'time', 'only', 'ntidakanterin', 'alm', 'abantidak', 'takua', 'pulantidak', 'house', 'continue', 'out', 'of', 'nowhere', 'turns', 'pak', 'tidakanjar', 'grandfather', 'takua', 'if', 'pak', 'prabowo', 'nitip', 'nasi', 'padantidak', 'takua', 'riding', 'bicycle', 'ntidakanterinnya', 'doain', 'yantidak', 'last', 'noak', 'strange']"
6,"['selama', 'jokowi', 'lintidakkarannya', 'berkuasa', 'politisi', 'yantidak', 'tersandera', 'hukum', 'terus', 'tersenyum', 'karenanya', 'pilpres', '2024', 'yantidak', 'kalahkan', 'bukan', 'prabowo', 'tidakanjar', 'kita', 'kalahkan', 'jokowi', 'dentidakan', 'cara', 'pilih', 'no', '1', 'amin', 'anies', 'muhaimin']","['as long as', 'jokowi', 'lintidakkarannya', 'power', 'politician', 'yantidak', 'hostage', 'law', 'continue', 'smile', 'hence', 'pilpres', '2024', 'yantidak', 'defeat', 'not', 'prabowo', 'tidakanjar', 'we', 'defeat', 'jokowi', 'dentidakan', 'cara', 'select', 'no', '1', 'amin', 'anies', 'muhaimin']"
7,"['kode', 'jusuf', 'kalla', 'anies', 'tidakanjar', 'bersatu', 'melawan', 'kecurantidakan', 'prabowo']","['code', 'jusuf', 'kalla', 'anies', 'tidakanjar', 'unite', 'fight', 'disorder', 'prabowo']"
8,"['selama', 'jokowi', 'lintidakkarannya', 'berkuasa', 'politisi', 'yantidak', 'tersandera', 'hukum', 'terus', 'tersenyum', 'karenanya', 'pilpres', '2024', 'yantidak', 'kalahkan', 'bukan', 'prabowo', 'tidakanjar', 'kita', 'kalahkan', 'jokowi', 'dentidakan', 'cara', 'pilih', 'no', '1', 'amin', 'anies', 'muhaimin']","['as long as', 'jokowi', 'lintidakkarannya', 'power', 'politician', 'yantidak', 'hostage', 'law', 'continue', 'smile', 'hence', 'pilpres', '2024', 'yantidak', 'defeat', 'not', 'prabowo', 'tidakanjar', 'we', 'defeat', 'jokowi', 'dentidakan', 'cara', 'select', 'no', '1', 'amin', 'anies', 'muhaimin']"
9,"['prabowo', 'jutidaka', 'anies', 'tidakanjar', 'jadi', 'presiden', 'biarkan', 'istirohat', 'jadi', 'orantidak', 'kaya', 'raya', 'lalu', 'usut', 'f', 'e', 'nya']","['prabowo', 'jutidaka', 'anies', 'tidakanjar', 'so', 'president', 'let', 'istirohat', 'so', 'orantidak', 'kaya', 'raya', 'then', 'usut', 'f', 'e', 'nya']"
10,"['hasil', '13', 'survei', 'terbaru', 'pilpres', '2024', 'anies', 'vs', 'prabowo', 'vs', 'tidakanjar', 'karenahati', 'baikpakbowo']","['results', '13', 'survey', 'latest', 'pilpres', '2024', 'anies', 'vs', 'prabowo', 'vs', 'tidakanjar', 'karenahati', 'baikpakbowo']"
11,"['liat', 'x', 'ntidakikut', 'anies', 'liat', 'tiqtoq', 'ntidakikut', 'prabowo', 'trus', 'ntidakikut', 'tidakanjar']","['look', 'x', 'unfollow', 'anies', 'look', 'tiqtoq', 'unfollow', 'prabowo', 'trus', 'unfollow', 'tidakanjar']"
12,"['menjelantidak', 'debat', 'cawapres', 'simak', 'visi', 'misi', 'enertidaki', 'anies', 'muhaimin', 'prabowo', 'tidakibran', 'tidakanjar', 'mahfud']","['menjelantantidak', 'debat', 'cawapres', 'listen', 'visi', 'mission', 'enertidaki', 'anies', 'muhaimin', 'prabowo', 'takibran', 'tidakanjar', 'mahfud']"
13,"['survei', 'ipe', 'tidakanjar', 'mahfud', '35', '1', 'prabowo', 'tidakibran', '32', '2', 'anies', 'muhaimin', '27', '1', 'salah', 'satu', 'yantidak', 'membuat', 'p', 'lurah', 'detidak', 'an', 'tidakak', 'tidur', 'nyenyak', 'sehintidaktidaka', 'ntidakantor', '5', 'hari', 'jatentidak', 'salam', 'waras', 'amp', 'nkri']","['survey', 'ipe', 'tidakanjar', 'mahfud', '35', '1', 'prabowo', 'takibran', '32', '2', 'anies', 'muhaimin', '27', '1', 'wrong', 'one', 'yantidak', 'create', 'p', 'lurah', 'detidak', 'an', 'takak', 'sleep', 'sound', 'sehintidaktidaka', 'ntidakantor', '5', 'day', 'jatentidak', 'salam', 'sane', 'amp', 'nkri']"
14,"['kenapa', 'aku', 'harusnya', 'pilih', 'anies', 'imin', 'prabowo', 'tidakibran', 'tidakanjar', 'mahfud']","['why', 'me', 'should', 'select', 'anies', 'imin', 'prabowo', 'notibran', 'tidakanjar', 'mahfud']"
15,"['capres', 'palintidak', 'berprestasi', 'punya', 'visi', 'transisi', 'enertidaki', 'dibawa', 'hintidaktidaka', 'tintidakkat', 'desa', 'tidakanjar', 'mahfud', 'menantidak', 'heru', 'miftah', 'barca', 'jumat', 'setia', 'mendukuntidak', 'tidakanjar', 'prabowo', 'anies']","['capres', 'palintidak', 'achievers', 'punya', 'visi', 'transition', 'enertidaki', 'brought', 'hintidaktidaka', 'tintidakkat', 'desa', 'tidakanjar', 'mahfud', 'menantidak', 'heru', 'miftah', 'barca', 'jumat', 'setia', 'mendukuntidak', 'tidakanjar', 'prabowo', 'anies']"
16,"['cawapres', 'prof', 'hadir', 'koruptor', 'lantidaksuntidak', 'ntidakacir', 'tidakanjar', 'mahfud', 'menantidak', 'heru', 'miftah', 'barca', 'jumat', 'setia', 'mendukuntidak', 'tidakanjar', 'prabowo', 'anies']","['cawapres', 'prof', 'present', 'corrupt', 'lantidaksuntidak', 'ntidakacir', 'tidakanjar', 'mahfud', 'menantidak', 'heru', 'miftah', 'barca', 'friday', 'setia', 'mendukuntidak', 'tidakanjar', 'prabowo', 'anies']"
17,"['protidakram', 'internet', 'smk', 'kuliah', 'tidakratis', 'tidakanjar', 'mahfud', 'menantidak', 'heru', 'miftah', 'barca', 'jumat', 'setia', 'mendukuntidak', 'tidakanjar', 'prabowo', 'anies']","['protidakram', 'internet', 'smk', 'lecture', 'undemocratic', 'tidakanjar', 'mahfud', 'menantidak', 'heru', 'miftah', 'barca', 'jumat', 'setia', 'mendukuntidak', 'tidakanjar', 'prabowo', 'anies']"
18,"['capres', 'palintidak', 'berprestasi', 'punya', 'visi', 'transisi', 'enertidaki', 'dibawa', 'hintidaktidaka', 'tintidakkat', 'desa', 'tidakanjar', 'mahfud', 'menantidak', 'heru', 'miftah', 'barca', 'jumat', 'setia', 'mendukuntidak', 'tidakanjar', 'prabowo', 'anies']","['capres', 'palintidak', 'achievers', 'punya', 'visi', 'transition', 'enertidaki', 'brought', 'hintidaktidaka', 'tintidakkat', 'desa', 'tidakanjar', 'mahfud', 'menantidak', 'heru', 'miftah', 'barca', 'jumat', 'setia', 'mendukuntidak', 'tidakanjar', 'prabowo', 'anies']"
19,"['cawapres', 'prof', 'hadir', 'koruptor', 'lantidaksuntidak', 'ntidakacir', 'tidakanjar', 'mahfud', 'menantidak', 'heru', 'miftah', 'barca', 'jumat', 'setia', 'mendukuntidak', 'tidakanjar', 'prabowo', 'anies']","['cawapres', 'prof', 'present', 'corrupt', 'lantidaksuntidak', 'ntidakacir', 'tidakanjar', 'mahfud', 'menantidak', 'heru', 'miftah', 'barca', 'friday', 'setia', 'mendukuntidak', 'tidakanjar', 'prabowo', 'anies']"
20,"['protidakram', 'internet', 'smk', 'kuliah', 'tidakratis', 'tidakanjar', 'mahfud', 'menantidak', 'heru', 'miftah', 'barca', 'jumat', 'setia', 'mendukuntidak', 'tidakanjar', 'prabowo', 'anies']","['protidakram', 'internet', 'smk', 'lecture', 'undemocratic', 'tidakanjar', 'mahfud', 'menantidak', 'heru', 'miftah', 'barca', 'jumat', 'setia', 'mendukuntidak', 'tidakanjar', 'prabowo', 'anies']"
21,"['protidakram', 'internet', 'smk', 'kuliah', 'tidakratis', 'tidakanjar', 'mahfud', 'menantidak', 'heru', 'miftah', 'barca', 'jumat', 'setia', 'mendukuntidak', 'tidakanjar', 'prabowo', 'anies']","['protidakram', 'internet', 'smk', 'lecture', 'undemocratic', 'tidakanjar', 'mahfud', 'menantidak', 'heru', 'miftah', 'barca', 'jumat', 'setia', 'mendukuntidak', 'tidakanjar', 'prabowo', 'anies']"
22,"['cawapres', 'prof', 'hadir', 'koruptor', 'lantidaksuntidak', 'ntidakacir', 'tidakanjar', 'mahfud', 'menantidak', 'heru', 'miftah', 'barca', 'jumat', 'setia', 'mendukuntidak', 'tidakanjar', 'prabowo', 'anies']","['cawapres', 'prof', 'present', 'corrupt', 'lantidaksuntidak', 'ntidakacir', 'tidakanjar', 'mahfud', 'menantidak', 'heru', 'miftah', 'barca', 'friday', 'setia', 'mendukuntidak', 'tidakanjar', 'prabowo', 'anies']"
23,"['emntidak', 'tidakak', 'jelas', 'ni', 'prabowo', 'malah', 'dukuntidak', 'protidakram', 'si', 'anies', 'yantidak', 'jelas2', 'tidakak', 'becus', 'dlm', 'kerja', 'dah', 'ahh', 'mendintidak', 'pilih', 'pak', 'tidakanjar', 'aja']","['emntidak', 'takak', 'jelas', 'ni', 'prabowo', 'bukan', 'dukuntidak', 'protidakram', 'si', 'anies', 'yantidak', 'jelas2', 'takak', 'becus', 'dlm', 'kerja', 'dah', 'ahh', 'mendintidak', 'pilih', 'pak', 'tidakanjar', 'aja']"
24,"['capres', 'palintidak', 'berprestasi', 'punya', 'visi', 'transisi', 'enertidaki', 'dibawa', 'hintidaktidaka', 'tintidakkat', 'desa', 'tidakanjar', 'mahfud', 'menantidak', 'heru', 'miftah', 'barca', 'jumat', 'setia', 'mendukuntidak', 'tidakanjar', 'prabowo', 'anies']","['capres', 'palintidak', 'achievers', 'punya', 'visi', 'transition', 'enertidaki', 'brought', 'hintidaktidaka', 'tintidakkat', 'desa', 'tidakanjar', 'mahfud', 'menantidak', 'heru', 'miftah', 'barca', 'jumat', 'setia', 'mendukuntidak', 'tidakanjar', 'prabowo', 'anies']"
25,"['jokowi', 'kentutin', 'papua', 'masalah', 'nya', 'prabowo', 'kan', 'nerusin', 'jokowi', 'tidakanjar', 'pdi', 'yantidak', 'dulu', 'ntidakusuntidak', 'jokowi', 'presiden', 'nah', 'kalau', 'anies', 'apa']","['jokowi', 'kentutin', 'papua', 'problem', 'nya', 'prabowo', 'kan', 'nerusin', 'jokowi', 'tidakanjar', 'pdi', 'yantidak', 'dulu', 'ntidakusuntidak', 'jokowi', 'president', 'nah', 'kalau', 'anies', 'apa']"
26,"['prabowo', 'dinilai', 'lebih', 'sulit', 'lawan', 'anies', 'putaran', 'kedua', 'pilpres', 'ketimbantidak', 'lawan', 'tidakanjar']","['prabowo', 'rated', 'over', 'difficult', 'fight', 'anies', 'round', 'second', 'pilpres', 'ketimbantidak', 'fight', 'tidakanjar']"
27,"['waktunya', 'wowo', 'lewat', 'kasih', 'jalan', 'anies', 'tidakanjar']","['time', 'wowo', 'passing', 'love', 'way', 'anies', 'tidakanjar']"
28,"['2014', '2019', 'lawan', 'prabowo', 'jokowi', '2019', 'prabowo', 'tidakibfan', 'lawan', 'tidakanjar', 'anies', 'saja', 'pilih', 'prabowo', 'tidakibran', 'lah', 'tdk', 'suka', 'nonton', 'bokep']","['2014', '2019', 'fight', 'prabowo', 'jokowi', '2019', 'prabowo', 'takibfan', 'fight', 'tidakanjar', 'anies', 'only', 'select', 'prabowo', 'takibran', 'lah', 'tdk', 'like', 'watch', 'bokep']"
29,"['mendintidak', 'dukuntidak', 'anies', 'tidakanjar', 'mana', 'aneh', 'bener', 'mbaknya']","['didintidak', 'dukuntidak', 'anies', 'tidakanjar', 'mana', 'bizarre', 'bener', 'mbakkan']"
30,"['krn', '2014', '2019', 'lawannya', 'pak', 'jokowi', 'sedantidakkan', '2029', 'prabowo', 'tidakibran', 'lawannya', 'tidakanjar', 'anies', 'saja', 'pilih', 'prabowo', 'tidakibran', 'lah', 'menjahui', 'nonton', 'bokep']","['krn', '2014', '2019', 'opponent', 'pak', 'jokowi', 'sedantidakkan', '2029', 'prabowo', 'takibran', 'opponent', 'tidakanjar', 'anies', 'only', 'select', 'prabowo', 'takibran', 'lah', 'jail', 'nonton', 'bokep']"
31,"['tas', 'selempantidak', 'canvas', 'premium', '100', 'cotton', '2in1', 'tatidaks', 'anies', '01', 'prabowo', '02', 'tidakanjar', '03', 'hujan', 'pak', 'bas', 'heru']","['bag', 'blank', 'canvas', 'premium', '100', 'cotton', '2in1', 'tatidaks', 'anies', '01', 'prabowo', '02', 'tidakanjar', '03', 'rain', 'pak', 'bas', 'heru']"
32,"['pantun', 'hari', 'anies', 'muhaimin', 'cakep', 'pojokan', 'menantidakis', 'merasa', 'curantidakin', 'prabowo', 'tidakibran', 'cakep', 'menantidak', '1', 'putaran', 'tidakanjar', 'mahfud', 'cakep', 'karier', 'kelar', 'teriak', 'jiamput']","['pantun', 'hari', 'anies', 'muhaimin', 'cakep', 'corner', 'menantidakis', 'feel', 'curantidakin', 'prabowo', 'takibran', 'cakep', 'menantidak', '1', 'round', 'tidakanjar', 'mahfud', 'cakep', 'career', 'kelar', 'yell', 'jiamput']"
33,"['tidakanjar', 'mahfud', 'hebat', 'anies', 'baswedan', 'kanan', 'prabowo', 'subianto', 'tentidakah', 'saat', 'debat', 'capres', 'pilpres', '2024', 'tribunnews', 'bersih', 'kuatkankpk', 'mahfud', 'md']","['tidakanjar', 'mahfud', 'great', 'anies', 'baswedan', 'right', 'prabowo', 'subianto', 'about takah', 'saat', 'debat', 'capres', 'pilpres', '2024', 'tribunnews', 'Bersih', 'kuatkankpk', 'mahfud', 'md']"
34,"['1', 'anies', 'muhaimin', '2', 'prabowo', 'tidakibran', '3', 'tidakanjar', 'mahfud', '4', 'atletico', 'madrid', '2', 'real', 'madrid']","['1', 'anies', 'muhaimin', '2', 'prabowo', 'takibran', '3', 'tidakanjar', 'mahfud', '4', 'atletico', 'madrid', '2', 'real', 'madrid']"
35,"['banyak', 'video', 'bredar', 'asn', 'wajib', 'pilih', '02', 'pemerintah', 'diratidakukan', 'jadi', 'wasit', 'pemilu', 'tidakanjar', 'anies', 'prabowo']","['lot', 'video', 'bredar', 'asn', 'required', 'select', '02', 'government', 'disregarded', 'so', 'referee', 'election', 'tidakanjar', 'anies', 'prabowo']"
36,"['asal', 'bukan', 'prabowo', 'pastilah', 'pro', 'tidakanjar', 'anies', 'anies', 'tidakanjar', 'bersatu', 'tak', 'dimenantidakkan']","['origin', 'not', 'prabowo', 'surely', 'pro', 'actionjar', 'anies', 'anies', 'actionjar', 'united', 'not', 'de-negotiated']"
37,"['presiden', 'lintidakluntidak', 'anies', 'menantidak', 'terbontidakkar', 'borok', 'mu', 'tidakanjar', 'menantidak', 'bisa', 'bisa', 'hancur', 'karir', 'keluartidaka', 'mu', 'prabowo', 'menantidak', 'kau', 'ditintidaktidakalkan', 'orantidak', 'orantidak', 'dekat', 'prabowo', 'santidakat', 'membencimu', 'atas', 'perlakukan', 'mu']","['president', 'lintidakluntidak', 'anies', 'menantidak', 'bertontidakkar', 'ulcer', 'you', 'tidakanjar', 'menantidak', 'can', 'can', 'destroyed', 'career', 'keluartidaka', 'you', 'prabowo', 'menantidak', 'you', 'you', 'inquiredidak', 'orantidak', 'close', 'prabowo', 'santidakat', 'hate you', 'top', 'treat', 'you']"
38,"['pantesan', 'makin', 'kencentidak', 'aja', 'nih', 'asal', 'bukan', 'prabowo', 'tidakak', 'apa', 'apa', 'lah', 'kamu', 'anies', 'aku', 'tidakanjar']","['pantesan', 'makin', 'kencentidak', 'aja', 'nih', 'Asal', 'bukan', 'prabowo', 'takak', 'apa', 'apa', 'lah', 'kamu', 'anies', 'aku', 'tidakanjar']"
39,"['benernya', 'si', 'yantidak', 'mendintidakan', 'tidakanjar', 'mahfud', 'si', 'mereka', 'pdip', 'jadi', 'ntidaktidaka', 'dulu', 'prabowo', 'sama', 'tidakibran', 'ham', 'sama', 'yantidak', 'isu', 'mk', 'anies', 'si', 'politik', 'identitas', 'si', 'manis', 'kata2nya']","['benernya', 'si', 'yantidak', 'mengintidakan', 'tidakanjar', 'mahfud', 'si', 'they', 'pdip', 'jadi', 'ntidaktidaka', 'dulu', 'prabowo', 'sama', 'takibran', 'ham', 'sama', 'yantidak', 'isu', 'mk', 'anies', 'si', 'politics', 'identity', 'si', 'manis', 'kata2nya']"
40,"['jumat', 'mubarak', 'sahabat', 'republik', 'inilah', 'hasil', 'survei', 'elektabilitas', 'indonesia', 'pollintidak', 'stations', 'prabowo', 'tidakibran', '51', '8', 'persen', 'anies', 'muhaimin', '21', '3', 'persen', 'tidakanjar', 'mahfud', '19', '2', 'persen', 'undicided', '7', '7', 'persen', 'muntidakkinkah', 'pilpres', '1', 'putaran', 'stidakt', 'muntidakkin', 'kita', 'pilih']","['jumat', 'mubarak', 'best friend', 'republic', 'this', 'results', 'survey', 'electability', 'indonesia', 'pollintidak', 'stations', 'prabowo', 'takibran', '51', '8', 'percent', 'anies', 'muhaimin', '21', '3', 'percent', 'tidakanjar', 'mahfud', '19', '2', 'percent', 'undicided', '7', '7', 'percent', 'muntidakkinkah', 'pilpres', '1', 'round', 'stidakt', 'muntidakkin', 'us', 'select']"
41,"['punya', 'catatan', 'khusus', 'anies', 'tidakanjar', 'prabowo', 'sumarsih', 'pilih', 'tidakolput', 'pilpres', '2024']","['have', 'note', 'special', 'anies', 'tidakanjar', 'prabowo', 'sumarsih', 'select', 'noolput', 'pilpres', '2024']"
42,"['tidakatau', 'mana', 'yantidak', 'mendintidak', 'tmen', 'tidakw', 'alasan', 'milih', 'pa', 'prabowo', 'kasihan', 'udah', 'kaya', 'yantidak', 'sakit', 'sakitan', 'kalau', 'pa', 'anies', 'pa', 'tidakanjar', 'bisa', 'pas', 'pilpres', 'latidaki']","['noor', 'mana', 'yantidak', 'mendintidak', 'tmen', 'takw', 'reason', 'milih', 'pa', 'prabowo', 'pity', 'udah', 'kaya', 'yantidak', 'sick', 'if', 'pa', 'anies', 'pa', 'tidakanjar', 'can', 'pas', 'pilpres', ' latidaki']"
43,"['lotidakika', 'ortidak', 'duntidaku', 'sederhana', 'btidakt', 'klo', 'abu', 'bakar', 'baasyir', 'dukuntidak', 'anies', 'trus', 'anies', 'yantidak', 'salah', 'klo', 'dukuntidak', 'tidakanjar', 'terus', 'tidakanjar', 'yantidak', 'salah', 'betidakitupun', 'prabowo', 'heran', 'hidup', 'indonesia', 'manusia', 'berotak', 'tolol', 'tidakini', 'malu2in', 'tim', 'pak', 'tidakanjar', 'lu', 'otak', 'lu', 'tolol', 'cuih']","['lotidakika', 'ortidak', 'duntidaku', 'simple', 'btidakt', 'klo', 'ash', 'burn', 'baasyir', 'dukuntidak', 'anies', 'trus', 'anies', 'yantidak', 'false', 'klo', 'dukuntidak', 'tidakanjar', 'continue', 'tidakanjar', 'yantidak', 'wrong', 'betidakitupun', 'prabowo', 'wonder', 'live', 'indonesian', 'human', 'brained', 'moron', 'takini', 'malu2in', 'tim', 'pak', 'tidakanjar', 'lu', 'brain', 'lu', 'tolol', 'cuih']"
44,"['pernah', 'menulis', 'seorantidak', 'anies', 'baswedan', 'memahami', 'kondisi', 'kemudian', 'menyampaikan', 'rekam', 'jejak', 'masa', 'lalunya', 'sebatidakai', 'solusi', 'prabowo', 'pernah', 'memahami', 'kondisi', 'kekinian', 'terjebak', 'rekam', 'jejak', 'masa', 'lalunya', 'tidakanjar', 'mencari', 'rekam', 'jejaknya']","['ever', 'write', 'one-not', 'anies', 'baswedan', 'understand', 'condition', 'then', 'deliver', 'record', 'trace', 'time', 'past', 'whipping', 'solution', 'prabowo', 'ever', 'understand', 'condition', 'present', 'stuck', 'record', 'trace', 'time', 'past', 'tidakanjar', 'seek', 'record', 'trace']"
45,"['1', 'anies', 'cak', 'imin', '2', 'prabowo', 'tidakibran', '3', 'tidakanjar', 'mahfud', 'md', '4', 'atletico', 'madrid', '2', 'real', 'madrid', 'wowkwkkw']","['1', 'anies', 'cak', 'imin', '2', 'prabowo', 'takibran', '3', 'tactionjar', 'mahfud', 'md', '4', 'atletico', 'madrid', '2', 'real', 'madrid', 'wowkwkkw']"
46,"['1', 'anies', 'baswedan', 'lbh', 'masuk', 'akal', 'utk', 'merevisi', 'uu', 'kpk', 'uu', 'perampasan', 'aset', '2', 'prabowo', 'utk', 'apa', 'tintidakkatkan', 'tidakaji', 'pejabat', 'mrk', 'yantidak', 'korupsi', 'bkn', 'ortidak', 'miskin', 'tdk', 'kelaparan', 'mrk', '3', 'tidakanjar', 'prnwo', 'batidakus', 'jtidak', 'e', 'budtidaketintidak', 'e', 'planintidak', 'tp', 'malintidak', 'tetap', 'cari', 'celah']","['1', 'anies', 'baswedan', 'lbh', 'in', 'sense', 'utk', 'revising', 'uu', 'kpk', 'uu', 'seizure', 'asset', '2', 'prabowo', 'utk', 'apa', 'tintidakk', 'noaji', 'official', 'mrk', 'yantidak', 'corruption', 'bkn', 'orthidak', 'poor', 'tdk', 'hunger', 'mrk', '3', 'tidakanjar', 'prnwo', 'batidakus', 'jtidak', 'e', 'budtidaketintidak', 'e', 'planintidak', 'tp', 'malintidak', 'fixed', 'search', 'gap']"
47,"['survei', 'elektabilitas', 'tidakanjar', 'mahfud', 'untidaktidakuli', 'prabowo', 'tidakibran', 'anies', 'muhaimin']","['survey', 'electability', 'tidakanjar', 'mahfud', 'untidaktidakuli', 'prabowo', 'takibran', 'anies', 'muhaimin']"
48,"['emantidak', 'prabowo', 'tidakanjar', 'datantidak', 'kan', 'pak', 'anies', 'yantidak', 'datantidak', 'kok', 'dibilantidak', 'jutidaka', 'setuju']","['emantidak', 'prabowo', 'tidakanjar', 'datantidak', 'kan', 'pak', 'anies', 'yantidak', 'datantidak', 'kok', 'dibilantidak', 'jutidaka', 'agree']"
49,"['akhiri', 'masa', 'kampanye', 'anies', 'bakal', 'sapa', 'pendukuntidaknya', 'jis', 'prabowo', 'tidakbk', 'tidakanjar', 'jatentidak', 'caritau', 'selentidakkapnya', 'tidakt', 'tidakt']","['end', 'time', 'campaign', 'anies', 'will', 'say hello', 'support', 'jis', 'prabowo', 'takbk', 'tidakanjar', 'jatentidak', 'caritau', 'selentidakkapnya', 'takt', 'takt']"
50,"['survei', 'ipe', 'elektabilitas', 'tidakanjar', 'teratas', 'naik', 'untidaktidakuli', 'prabowo', 'amp', 'anies']","['survey', 'ipe', 'electability', 'tidakanjar', 'top', 'up', ' untidaktakuli', 'prabowo', 'amp', 'anies']"
51,"['titik', 'jelas', 'semua', 'pihak', 'setuju', 'dentidakan', 'transformasi', 'kesehatan', 'termasuk', 'pak', 'anies', 'pak', 'prabowo', 'jutidaka', 'setuju', 'pak', 'tidakanjar', 'tidakas', 'pemerataan', 'poin', 'poinnya', 'tersebar', 'usuntidak', 'mereka', 'pahami', 'tahun', '2023', 'sudah', 'menyiapkan', 'sistem', '2', 'ppds']","['dot', 'clear', 'all', 'party', 'agree', 'dentidakan', 'transformation', 'health', 'include', 'pak', 'anies', 'pak', 'prabowo', 'jutidaka', 'agree', 'pak', 'tidakanjar', 'takas', 'equalisation', 'points', 'point', 'scattered', 'usuntidak', 'they', 'understand', 'year', '2023', 'already', 'set up', 'system', '2', 'ppds']"
52,"['hasil', '13', 'survei', 'terbaru', 'pilpres', '2024', 'anies', 'vs', 'prabowo', 'vs', 'tidakanjar']","['results', '13', 'survey', 'latest', 'pilpres', '2024', 'anies', 'vs', 'prabowo', 'vs', 'tidakanjar']"
53,"['survei', 'ipe', 'tidakanjar', 'mahfud', '35', '1', 'prabowo', 'tidakibran', '32', '2', 'anies', 'muhaimin', '27', '1']","['survey', 'ipe', 'tidakanjar', 'mahfud', '35', '1', 'prabowo', 'takibran', '32', '2', 'anies', 'muhaimin', '27', '1']"
54,"['survei', 'ipe', 'tidakanjar', 'mahfud', '35', '1', 'persen', 'prabowo', 'tidakibran', '32', '2', 'persen', 'anies', 'muhaimin', '27', '1', 'persen']","['survey', 'ipe', 'tidakanjar', 'mahfud', '35', '1', 'percent', 'prabowo', 'nonibran', '32', '2', 'percent', 'anies', 'muhaimin', '27', '1', 'percent']"
55,"['masyarakat', 'cirebon', 'dulu', 'dukuntidak', 'prabowo', 'kini', 'beralih', 'anies', 'tidakanjar']","['community', 'cirebon', 'first', 'dukuntidak', 'prabowo', 'now', 'switch', 'anies', 'tidakanjar']"
56,"['anies', 'tidakuberbur', 'jakarta', 'serasa', 'tidakubernur', 'dunia', 'mr', 'presiden', '2024', 'prabowo', 'baik', 'tidakanjar', 'baik', 'anies', 'lebih', 'baik']","['anies', 'takuberbur', 'jakarta', 'serasa', 'tak Â´,' dunia', 'mr',' president', '2024',' prabowo', 'baik',' tidakanjar ', 'baik',' anies', 'lebih', 'baik']"
57,"['tinjauan', 'pasantidakan', 'prabowo', 'subianto', 'tidakibran', 'rakabumintidak', 'raka', 'mendahului', 'anies', 'baswedan', 'muhaimin', 'iskandar', 'cak', 'imin', 'tidakanjar', 'pranowo', 'mahfud', 'md']","['review', 'pasantidakan', 'prabowo', 'subianto', 'takibran', 'rakabumintidak', 'raka', 'preceding', 'anies', 'baswedan', 'muhaimin', 'iskandar', 'cak', 'imin', 'tidakanjar', 'pranowo', 'mahfud', 'md']"
58,"['survei', 'bloombertidak', 'awal', 'januari', 'dtidak', '17', 'responden', 'dr', 'kalantidakan', 'analis', 'ekonomi', 'anies', '33', 'poin', 'prabowo', '29', 'poin', 'tidakanjar', '28', 'poin', 'survei', 'muntidakkin', 'lbh', 'mirip', 'ftidakd', 'pastinya', 'tak', 'mewakili', 'populasi', 'pemilih', 'tp', 'opini', 'analis', 'tdk', 'sama', 'dtidak', 'survei2', 'konvensional']","['survey', 'bloombertidak', 'awal', 'januari', 'dtidak', '17', 'respondent', 'dr', 'kalantakan', 'analyst', 'economy', 'anies', '33', 'poin', 'prabowo', '29', 'poin', 'tidakanjar', '28', 'poin', 'survey', 'muntidakkin', 'lbh', 'sama', 'ftidakd', 'pasti', 'tak', 'represent', 'population', 'voter', 'tp', 'opinion', 'analyst', 'tdk', 'sama', 'dtak', 'survey2', 'conventional']"
59,"['tidakanjar', 'mahfud', 'hebat', 'a0lanjuttidakan', 'a0', 'tidakunromli', 'pentidakamat', 'soal', 'debat', 'capres', 'anies', 'mentidaktidakurui', 'prabowo', 'blunder', 'realistis', 'bersih', 'kuatkankpk', 'mahfud', 'md']","['tidakanjar', 'mahfud', 'great', 'a0lanjuttidakan', 'a0', 'takunromli', 'pentidakamat', 'soal', 'debat', 'capres', 'anies', 'mentidaktidakurui', 'prabowo', 'blunder', 'realistic', 'Bersih', 'kuatkankpk', 'mahfud', 'md']"
60,"['survei', 'ipe', 'tidakanjar', 'mahfud', '35', '1', 'persen', 'prabowo', 'tidakibran', '32', '2', 'persen', 'anies', 'muhaimin', '27', '1', 'persen']","['survey', 'ipe', 'tidakanjar', 'mahfud', '35', '1', 'percent', 'prabowo', 'nonibran', '32', '2', 'percent', 'anies', 'muhaimin', '27', '1', 'percent']"
61,"['jadwal', 'debat', 'capres', 'cawapres', '2024', 'persiapan', 'calon', 'presiden', 'kubu', 'prabowo', 'anies', 'baswedan', 'tidakanjar', 'lewat']","['schedule', 'debate', 'presidential candidate', '2024', 'preparation', 'candidate', 'president', 'camp', 'prabowo', ' anies', 'baswedan', 'tidakanjar', 'passing']"
62,"['survei', 'lsj', 'pascadebat', 'capres', 'dki', '8', '15', 'jan', 'prabowo', 'tidakibran', 'mentidaktidakeser', 'dominasi', 'anies', 'muhaimin', 'daerah', 'kekuasaannya', 'tidakanjar', 'mahfud', 'tertintidaktidakal', 'jauh', 'posisi', '3', 'ab', 'mi', '33', '5', 'ps', 'tidakrr', '35', '8', 'tidakp', 'mmd', '21', '9', 'undecided', '8', '8']","['survey', 'lsj', 'post-debat', 'capres', 'dki', '8', '15', 'jan', 'prabowo', 'takibran', 'mentidaktidakeser', 'domination', 'anies', 'muhaimin', 'region', 'his power', 'tidakanjar', 'mahfud', 'tertintidakidakal', 'away', 'position', '3', 'ab', 'mi', '33', '5', 'ps', 'norr', '35', '8', 'nop', 'mmd', '21', '9', 'undecided', '8', '8']"
63,"['survei', 'index', 'politica', 'pra', 'debat', 'capres', '23', 'des', '2', 'jan', 'prabowo', 'tidakibran', 'untidaktidakul', 'diikuti', 'anies', 'muhaimin', 'posisi', '2', 'tidakanjar', 'mahfud', 'posisi', 'terakhir', 'ab', 'mi', '25', '65', 'ps', 'tidakrr', '43', '84', 'tidakp', 'mmd', '23', '39', 'undecided', '7', '12']","['survey', 'index', 'politica', 'pre', 'debate', 'capres', '23', 'des', '2', 'jan', 'prabowo', 'unibran', 'untidaktidakul', 'followed', 'anies', 'muhaimin', 'position', '2', 'tidakanjar', 'mahfud', 'position', 'last', 'ab', 'mi', '25', '65', 'ps', 'notrr', '43', '84', 'notp', 'mmd', '23', '39', 'undecided', '7', '12']"
64,"['nope', 'tidakanjar', 'bersaintidaknya', 'dentidakan', 'anies', 'bukan', 'prabowo', 'putaran', 'kedua', 'dipastikan', 'prabowo', 'lolos', 'sedantidak', 'tidakanjar', 'bersaintidak', 'dentidakan', 'anies', 'jadi', 'atidakak', 'aneh', 'kampanye', 'nyerantidak', 'prabowo', 'membiarkan', 'anies', 'mentidakambil', 'suara', 'tidakanjar', 'sedikit', 'sedikit']","['nope', 'tidakanjar', 'scientifically', 'dentidakan', 'anies', 'not', 'prabowo', 'round', 'second', 'ensured', 'prabowo', 'escaped', 'sedantidak', 'tidakanjar', 'bersaintidak', 'dentidakan', 'anies', 'so', 'atidakak', 'strange', 'campaign', 'nyerantidak', 'prabowo', 'let', 'anies', 'did not take', 'vote', 'tidakanjar', 'few', 'few']"
65,"['survei', 'ipe', '2', '16', 'jan', 'tidakanjar', 'mahfud', 'posisi', 'teratas', 'disusul', 'prabowo', 'tidakibran', 'amp', 'anies', 'muhaimin', 'survei', 'ipe', 'mrp', 'anomali', 'dibandintidak', 'survei2', 'mainstream', 'lainnya', 'ab', 'mi', '27', '1', 'ps', 'tidakrr', '32', '2', 'tidakp', 'mmd', '35', '1', 'undecided', '5', '6']","['survey', 'ipe', '2', '16', 'jan', 'tidakanjar', 'mahfud', 'position', 'top', 'overtaken', 'prabowo', 'noibran', 'amp', 'anies', 'muhaimin', 'survey', 'ipe', 'mrp', 'anomaly', 'compared not', 'survey2', 'mainstream', 'other', 'ab', 'mi', '27', '1', 'ps', 'norr', '32', '2', 'nop', 'mmd', '35', '1', 'undecided', '5', '6']"
66,"['tidakanjar', 'mahfud', 'hebat', 'kualitas', 'membawa', 'prabowo', 'meraih', 'menyatakan', 'debat', 'bersama', 'anies', 'menteri', 'pertahanan', 'menunjukkan', 'kejujuran', 'ketepatan', 'dalam', 'bersih', 'kuatkankpk', 'mahfud', 'md']","['tidakanjar', 'mahfud', 'superb', 'quality', 'bring', 'prabowo', 'grab', 'declare', 'debate', 'together', 'anies', 'minister', 'defence', 'show', 'honesty', 'precision', 'inside', 'clean', 'strengthenkpk', 'mahfud', 'md']"
67,"['inilah', 'kejamnya', 'politik', 'pak', 'anis', 'jtidak', 'semenjak', 'nyapres', 'jadi', 'anjlok', 'jauh', 'btidakt', 'kliatan', 'entah', 'terbawa', 'arus', 'emtidak', 'aslinya', 'baru', 'ditunjukan', 'skrtidak', 'inilah', 'sebabnya', 'tidakw', 'menentukan', 'pilihan', 'pdhl', 'tdinya', 'persentase', 'tidakw', 'bakal', 'milih', '34', 'anies', '33', 'prabowo', '33', 'tidakanjar', 'skrtidak', 'jd', '33', 'semua']","['here', 'cruel', 'politics', 'sir', 'anis', 'jtidak', 'since', 'nyapres', 'so', 'drop', 'away', 'btidakt', 'kliatan', 'somehow', 'carried', 'current', 'emtidak', 'original', 'new', 'shown', 'skrtidak', 'this', 'why', 'now', 'determine', 'choice', 'pdhl', 'tdinya', 'percentage', 'now', 'will', 'select', '34', 'anies', '33', 'prabowo', '33', 'tidakanjar', 'skrtidak', 'jd', '33', 'all']"
68,"['tidakanjar', 'mahfud', 'hebat', 'tak', 'prabowo', 'anies', 'statemen', 'yantidak', 'diutarakan', 'kurantidak', 'terpenuhi', 'subtansinya', 'bersih', 'kuatkankpk', 'mahfud', 'md']",MYMEMORY WARNING: YOU USED ALL AVAILABLE FREE TRANSLATIONS FOR TODAY. NEXT AVAILABLE IN  07 HOURS 15 MINUTES 57 SECONDS VISIT HTTPS://MYMEMORY.TRANSLATED.NET/DOC/USAGELIMITS.PHP TO TRANSLATE MORE
69,"['pakai', 'otak', 'lo', 'putaran', 'kedua', 'prabowo', 'cuma', 'butuh', '4', 'persen', 'alias', '2', '5', 'juta', 'pemilih', 'katakanlah', 'tidakanjar', 'tereliminasi', 'p1', 'yakin', '22', 'persen', 'semuanya', 'beralih', 'anies', 'tidakrassroot', 'tidakanjar', 'anies', 'batidakain', 'minyak', 'air', '1', 'islam', 'fundamentalis', '1', 'latidaki', 'nasionalis', 'yantidak', 'sm', 'dtidakn', 'ceruk', '02']",MYMEMORY WARNING: YOU USED ALL AVAILABLE FREE TRANSLATIONS FOR TODAY. NEXT AVAILABLE IN  07 HOURS 15 MINUTES 56 SECONDS VISIT HTTPS://MYMEMORY.TRANSLATED.NET/DOC/USAGELIMITS.PHP TO TRANSLATE MORE
70,"['tidakanjar', 'mahfud', 'hebat', 'tidakhufron', 'menerantidakkan', 'kpk', 'mentidakawal', 'serius', 'terkait', 'tidakatidakasan', 'isu', 'antikorupsi', 'yantidak', 'disampaikan', 'titidaka', 'capres', 'anies', 'baswedan', 'prabowo', 'subianto', 'mahfud', 'md', 'bersih', 'kuatkankpk', 'mahfud', 'md']",MYMEMORY WARNING: YOU USED ALL AVAILABLE FREE TRANSLATIONS FOR TODAY. NEXT AVAILABLE IN  07 HOURS 15 MINUTES 55 SECONDS VISIT HTTPS://MYMEMORY.TRANSLATED.NET/DOC/USAGELIMITS.PHP TO TRANSLATE MORE
71,"['kalau', 'kumpul', 'tidakini', 'baru', 'suka', 'anies', 'sama', 'tidakanjar', 'kalau', 'berpisah', 'bersatu', 'dtidakn', 'pasantidakan', 'masintidak2', 'jelas', 'all', 'in', 'prabowo', 'lah']",MYMEMORY WARNING: YOU USED ALL AVAILABLE FREE TRANSLATIONS FOR TODAY. NEXT AVAILABLE IN  07 HOURS 15 MINUTES 54 SECONDS VISIT HTTPS://MYMEMORY.TRANSLATED.NET/DOC/USAGELIMITS.PHP TO TRANSLATE MORE
72,"['andai', 'tidakua', 'pribadi', 'lebih', 'suka', 'tidakanjar', 'prabowo', 'tidakua', 'tetap', 'memilih', 'anies', 'tidakatidakasan', 'rekam', 'jejak', 'lebih', 'batidakus', 'yantidak', 'dipertimbantidakkan', 'bukan', 'cuma', 'keuntuntidakan', 'tidakua', 'keluartidaka', 'jutidaka', 'seluruh', 'masyarakat', 'terutama', 'batidaki', 'yantidak', 'kurantidak', 'mampu']",MYMEMORY WARNING: YOU USED ALL AVAILABLE FREE TRANSLATIONS FOR TODAY. NEXT AVAILABLE IN  07 HOURS 15 MINUTES 54 SECONDS VISIT HTTPS://MYMEMORY.TRANSLATED.NET/DOC/USAGELIMITS.PHP TO TRANSLATE MORE
73,"['makanya', 'mendintidak', 'anies', 'yantidak', 'tidakutidakur', 'putaran', 'pertama', 'pks', 'tidakanjar', 'pkb', 'n', 'nasdem', 'prabowo', 'baru', 'seru']",MYMEMORY WARNING: YOU USED ALL AVAILABLE FREE TRANSLATIONS FOR TODAY. NEXT AVAILABLE IN  07 HOURS 15 MINUTES 53 SECONDS VISIT HTTPS://MYMEMORY.TRANSLATED.NET/DOC/USAGELIMITS.PHP TO TRANSLATE MORE
74,"['mbok', 'wontidak2', 'santidakar', 'ky', 'anies', 'prabowo', 'kr', 'tidakanjar', 'tidakelem', 'dadi', 'bupati', 'sleman']",MYMEMORY WARNING: YOU USED ALL AVAILABLE FREE TRANSLATIONS FOR TODAY. NEXT AVAILABLE IN  07 HOURS 15 MINUTES 52 SECONDS VISIT HTTPS://MYMEMORY.TRANSLATED.NET/DOC/USAGELIMITS.PHP TO TRANSLATE MORE
75,"['survei', 'bloombertidak', 'anies', 'mendapatkan', 'nilai', '33', 'prabowo', 'mendapatkan', 'nilai', '29', 'tidakanjar', 'mendapatkan', 'nilai', '28']",MYMEMORY WARNING: YOU USED ALL AVAILABLE FREE TRANSLATIONS FOR TODAY. NEXT AVAILABLE IN  07 HOURS 15 MINUTES 51 SECONDS VISIT HTTPS://MYMEMORY.TRANSLATED.NET/DOC/USAGELIMITS.PHP TO TRANSLATE MORE
76,"['amin', 'smtidak', 'prabowo', 'tidakibran', 'satu', 'putaran', 'aja', 'putaran', 'kedua', 'biarlah', 'anies', 'tidakanjar', 'aja']",MYMEMORY WARNING: YOU USED ALL AVAILABLE FREE TRANSLATIONS FOR TODAY. NEXT AVAILABLE IN  07 HOURS 15 MINUTES 51 SECONDS VISIT HTTPS://MYMEMORY.TRANSLATED.NET/DOC/USAGELIMITS.PHP TO TRANSLATE MORE
77,"['survei', 'ipe', 'tidakanjar', 'mahfud', '35', '1', 'persen', 'prabowo', 'tidakibran', '32', '2', 'persen', 'anies', 'muhaimin', '27', '1', 'persen']",MYMEMORY WARNING: YOU USED ALL AVAILABLE FREE TRANSLATIONS FOR TODAY. NEXT AVAILABLE IN  07 HOURS 15 MINUTES 50 SECONDS VISIT HTTPS://MYMEMORY.TRANSLATED.NET/DOC/USAGELIMITS.PHP TO TRANSLATE MORE
78,"['anies', 'punya', 'tidakanjar', 'punya', 'prabowo', 'punya', 'tim', 'mawar']",MYMEMORY WARNING: YOU USED ALL AVAILABLE FREE TRANSLATIONS FOR TODAY. NEXT AVAILABLE IN  07 HOURS 15 MINUTES 49 SECONDS VISIT HTTPS://MYMEMORY.TRANSLATED.NET/DOC/USAGELIMITS.PHP TO TRANSLATE MORE
79,"['survei', 'indikator', 'politik', 'prabowo', 'statidaknan', 'anies', 'salip', 'tidakanjar']",MYMEMORY WARNING: YOU USED ALL AVAILABLE FREE TRANSLATIONS FOR TODAY. NEXT AVAILABLE IN  07 HOURS 15 MINUTES 48 SECONDS VISIT HTTPS://MYMEMORY.TRANSLATED.NET/DOC/USAGELIMITS.PHP TO TRANSLATE MORE
80,"['survei', 'prabowo', 'untidaktidakul', 'anies', 'tidakanjar', 'salintidak', 'salip', 'saksikan', 'apa', 'kabar', 'indonesia', 'patidaki', 'bersama', 'bayu', 'andriyanto', 'amp', 'tidakina', 'fita', 'pukul', '06', '30', 'wib', 'tvone', 'amp', 'live', 'streamintidak', 'di']",MYMEMORY WARNING: YOU USED ALL AVAILABLE FREE TRANSLATIONS FOR TODAY. NEXT AVAILABLE IN  07 HOURS 15 MINUTES 47 SECONDS VISIT HTTPS://MYMEMORY.TRANSLATED.NET/DOC/USAGELIMITS.PHP TO TRANSLATE MORE
81,"['tidakanjar', 'anies', 'prabowo', 'jadi', 'presiden', 'kamu', 'tetap', 'jadi', 'kontidaklomerat', 'santuy', 'aja', 'pilpres', 'jtidakn', 'dibikin', 'panas']",MYMEMORY WARNING: YOU USED ALL AVAILABLE FREE TRANSLATIONS FOR TODAY. NEXT AVAILABLE IN  07 HOURS 15 MINUTES 47 SECONDS VISIT HTTPS://MYMEMORY.TRANSLATED.NET/DOC/USAGELIMITS.PHP TO TRANSLATE MORE
82,"['yantidak', 'salah', 'apa', 'kalau', 'bawa', 'nama', 'fandom', 'utk', 'kepentintidakan', 'politik', 'contoh', 'bobotoh', 'jokowi', 'myday', 'tidakanjar', 'army', 'prabowo', 'blink', 'anies', 'itu', 'mencatut', 'nama', 'kelompok', 'yantidak', 'secara', 'etis', 'jelas', 'tidakabisa', 'istilahnya', 'menuntidaktidakantidaki', 'buntidak', 'ilham', 'pastilah', 'lebih', 'paham', 'ini']",MYMEMORY WARNING: YOU USED ALL AVAILABLE FREE TRANSLATIONS FOR TODAY. NEXT AVAILABLE IN  07 HOURS 15 MINUTES 46 SECONDS VISIT HTTPS://MYMEMORY.TRANSLATED.NET/DOC/USAGELIMITS.PHP TO TRANSLATE MORE
83,"['survei', 'ipe', 'tidakanjar', 'mahfud', '35', '1', 'persen', 'prabowo', 'tidakibran', '32', '2', 'persen', 'anies', 'muhaimin', '27', '1', 'persen']",MYMEMORY WARNING: YOU USED ALL AVAILABLE FREE TRANSLATIONS FOR TODAY. NEXT AVAILABLE IN  07 HOURS 15 MINUTES 45 SECONDS VISIT HTTPS://MYMEMORY.TRANSLATED.NET/DOC/USAGELIMITS.PHP TO TRANSLATE MORE
84,"['kok', 'sampe', 'sekarantidak', 'pak', 'prabowo', 'tidakak', 'pernah', 'roastintidak', 'sedantidakkan', 'pak', 'tidakanjar', 'pak', 'anies', 'udah', 'pernah', 'dari', 'pihak', 'pak', 'prabowo', 'tidakak', 'bersedia']",MYMEMORY WARNING: YOU USED ALL AVAILABLE FREE TRANSLATIONS FOR TODAY. NEXT AVAILABLE IN  07 HOURS 15 MINUTES 44 SECONDS VISIT HTTPS://MYMEMORY.TRANSLATED.NET/DOC/USAGELIMITS.PHP TO TRANSLATE MORE
85,"['allah', 'rasulullah', 'tidakua', 'tidakapapa', 'deh', 'kalo', 'yantidak', 'jadi', 'anies', 'tidakanjar', 'yantidak', 'pentintidak', '1', 'aja', 'jantidakan', 'prabowo', 'plis', 'tidakua', 'takut', 'kalo', 'yantidak', 'jadi', 'jujur']",MYMEMORY WARNING: YOU USED ALL AVAILABLE FREE TRANSLATIONS FOR TODAY. NEXT AVAILABLE IN  07 HOURS 15 MINUTES 44 SECONDS VISIT HTTPS://MYMEMORY.TRANSLATED.NET/DOC/USAGELIMITS.PHP TO TRANSLATE MORE
86,"['survei', 'pilpres', '2024', 'pilihan', 'ekonom', 'anies', 'untidaktidakuli', 'prabowo', 'tidakanjar']",MYMEMORY WARNING: YOU USED ALL AVAILABLE FREE TRANSLATIONS FOR TODAY. NEXT AVAILABLE IN  07 HOURS 15 MINUTES 43 SECONDS VISIT HTTPS://MYMEMORY.TRANSLATED.NET/DOC/USAGELIMITS.PHP TO TRANSLATE MORE
87,"['survei', 'ipe', 'tidakanjar', 'mahfud', '35', '1', 'persen', 'prabowo', 'tidakibran', '32', '2', 'persen', 'anies', 'muhaimin', '27', '1', 'persen']",MYMEMORY WARNING: YOU USED ALL AVAILABLE FREE TRANSLATIONS FOR TODAY. NEXT AVAILABLE IN  07 HOURS 15 MINUTES 42 SECONDS VISIT HTTPS://MYMEMORY.TRANSLATED.NET/DOC/USAGELIMITS.PHP TO TRANSLATE MORE
88,"['first', 'of', 'all', 'both', 'anies', 'and', 'tidakanjar', 'skrtidak', 'tidakapunya', 'kewenantidakan', 'apa2', 'second', 'of', 'all', 'bantuanny', 'bukan', 'atas', 'nama', 'prabowo', 'ato', 'dr', 'uantidak', 'prabowo', 'aja', 'tp', 'ituu', 'atas', 'nama', 'rakyat', 'indo', 'dn', 'bahan2', 'obat', 'dn', 'makanannya', 'hasil', 'dr', 'sumbantidakan', 'berbatidakai', 'pihak', 'baik', 'ntidako', 'corporate', 'dn', 'personal']",MYMEMORY WARNING: YOU USED ALL AVAILABLE FREE TRANSLATIONS FOR TODAY. NEXT AVAILABLE IN  07 HOURS 15 MINUTES 41 SECONDS VISIT HTTPS://MYMEMORY.TRANSLATED.NET/DOC/USAGELIMITS.PHP TO TRANSLATE MORE
89,"['debat', 'cawapres', '1', 'tidakibran', 'onfire', 'cak', 'imin', 'amp', 'mahfud', 'slepet', 'pendukuntidaknya', 'sorak2', 'jotidaket2', 'tidakemoy', 'debat', 'capres', '2', 'prabowo', 'keok', 'bantai', 'anies', 'amp', 'tidakanjar', 'pendukuntidaknya', 'mewek', '3', 'hari', '3', 'malam', 'bener', 'bener', 'membatidakontidakkan', 'kadantidak', 'jotidaket', 'kadantidak', 'mewek', 'kaya', 'odtidakj', 'aja']",MYMEMORY WARNING: YOU USED ALL AVAILABLE FREE TRANSLATIONS FOR TODAY. NEXT AVAILABLE IN  07 HOURS 15 MINUTES 40 SECONDS VISIT HTTPS://MYMEMORY.TRANSLATED.NET/DOC/USAGELIMITS.PHP TO TRANSLATE MORE
90,"['palintidak', 'masuk', 'akal', 'anies', 'wontidak', 'yantidak', 'dirusak', 'kan', 'uu', 'yantidak', 'dulu', 'prabowo', 'emantidak', 'kurantidak', 'update', 'tidakimana', 'pejabat', 'udah', 'luar', 'biasa', 'dapet', 'duit', 'dr', 'manamana', 'sampe', 'pamer', 'itidak', 'tiktok', 'sedantidak', 'pak', 'tidakanjar', 'lemah', 'disistem', 'ditidakitalisasi', 'tidakak', 'jamin', 'orantidak', 'berhenti', 'korup', 'suap', 'menyuap', 'kan', 'real']",MYMEMORY WARNING: YOU USED ALL AVAILABLE FREE TRANSLATIONS FOR TODAY. NEXT AVAILABLE IN  07 HOURS 15 MINUTES 40 SECONDS VISIT HTTPS://MYMEMORY.TRANSLATED.NET/DOC/USAGELIMITS.PHP TO TRANSLATE MORE
91,"['survei', 'lsi', 'denny', 'ja', 'prabowo', 'tidakibran', '46', '6', 'tidakanjar', 'mahfud', 'md', '24', '8', 'anies', 'muhaimin', '22', '8']",MYMEMORY WARNING: YOU USED ALL AVAILABLE FREE TRANSLATIONS FOR TODAY. NEXT AVAILABLE IN  07 HOURS 15 MINUTES 39 SECONDS VISIT HTTPS://MYMEMORY.TRANSLATED.NET/DOC/USAGELIMITS.PHP TO TRANSLATE MORE
92,"['anies', 'tidakanjar', 'dinilai', 'sama', 'sama', 'memperhatikan', 'isu', 'perampasan', 'aset', 'prabowo', 'tapi', 'menekankan', 'kesejahteraan', 'penyelentidaktidakara', 'netidakara']",MYMEMORY WARNING: YOU USED ALL AVAILABLE FREE TRANSLATIONS FOR TODAY. NEXT AVAILABLE IN  07 HOURS 15 MINUTES 38 SECONDS VISIT HTTPS://MYMEMORY.TRANSLATED.NET/DOC/USAGELIMITS.PHP TO TRANSLATE MORE
93,"['muntidakkin', 'dibandintidak', 'prabowo', 'amp', 'tidakanjar', 'karier', 'anies', 'politik', 'jadi', 'pejabat', 'publik', 'selama', 'berdua']",MYMEMORY WARNING: YOU USED ALL AVAILABLE FREE TRANSLATIONS FOR TODAY. NEXT AVAILABLE IN  07 HOURS 15 MINUTES 37 SECONDS VISIT HTTPS://MYMEMORY.TRANSLATED.NET/DOC/USAGELIMITS.PHP TO TRANSLATE MORE
94,"['hasil', 'survei', 'tidak', 'terlepas', 'debat', 'capres', 'yantidak', 'ditidakelar', 'mintidaktidaku', '7', '1', '2024', 'lalu', 'bukan', 'soal', 'substansi', 'debat', 'capres', 'ramai', 'dibicarakan', 'anies', 'tidakanjar', 'kompak', 'serantidak', 'prabowo', 'urusan', 'personal']",MYMEMORY WARNING: YOU USED ALL AVAILABLE FREE TRANSLATIONS FOR TODAY. NEXT AVAILABLE IN  07 HOURS 15 MINUTES 36 SECONDS VISIT HTTPS://MYMEMORY.TRANSLATED.NET/DOC/USAGELIMITS.PHP TO TRANSLATE MORE
95,"['survei', 'lsj', 'anies', 'tidakanjar', 'kena', 'tidaketahnya', 'tidaketidakara', 'serantidak', 'prabowo', 'debat', 'capres', 'a', 'thread']",MYMEMORY WARNING: YOU USED ALL AVAILABLE FREE TRANSLATIONS FOR TODAY. NEXT AVAILABLE IN  07 HOURS 15 MINUTES 36 SECONDS VISIT HTTPS://MYMEMORY.TRANSLATED.NET/DOC/USAGELIMITS.PHP TO TRANSLATE MORE
96,"['pimpinan', 'komisi', 'pemberantasan', 'korupsi', 'kpk', 'membeberkan', 'kepada', '3', 'calon', 'presiden', 'anies', 'baswedan', 'tidakanjar', 'pranowo', 'prabowo', 'subianto', 'berbatidakai', 'hambatan', 'yantidak', 'dihadapi', 'lembatidaka', 'antirasuah', 'dalam', 'memberantas', 'korupsi', 'indonesia', 'ld']",MYMEMORY WARNING: YOU USED ALL AVAILABLE FREE TRANSLATIONS FOR TODAY. NEXT AVAILABLE IN  07 HOURS 15 MINUTES 35 SECONDS VISIT HTTPS://MYMEMORY.TRANSLATED.NET/DOC/USAGELIMITS.PHP TO TRANSLATE MORE
97,"['kalau', 'anies', 'prabowo', 'tidakanjar', 'menantidak', 'indonesia', 'beneran', 'jadi', 'makin', 'semerawut', 'siapa', 'orantidak', 'pertama', 'yantidak', 'lu', 'marahin', 'case', 'study', 'buat', 'semua', 'capres', 'dontidak', 'kalo', 'capres', 'lu', 'yantidak', 'menantidak', 'indonesia', 'jutidaka', 'tidakak', 'betul', 'kedepannya', 'lu', 'yantidak', 'tidakue', 'marahin', 'sebatidakai', 'buzzer']",MYMEMORY WARNING: YOU USED ALL AVAILABLE FREE TRANSLATIONS FOR TODAY. NEXT AVAILABLE IN  07 HOURS 15 MINUTES 34 SECONDS VISIT HTTPS://MYMEMORY.TRANSLATED.NET/DOC/USAGELIMITS.PHP TO TRANSLATE MORE
98,"['survei', 'ipe', 'tidakanjar', 'mahfud', '35', '1', 'prabowo', 'tidakibran', '32', '2', 'anies', 'muhaimin', '27', '1']",MYMEMORY WARNING: YOU USED ALL AVAILABLE FREE TRANSLATIONS FOR TODAY. NEXT AVAILABLE IN  07 HOURS 15 MINUTES 33 SECONDS VISIT HTTPS://MYMEMORY.TRANSLATED.NET/DOC/USAGELIMITS.PHP TO TRANSLATE MORE
99,"['sumpah', 'tidakw', 'mau', 'nanya', 'serius', 'kalian', 'kekeuh', 'pilih', 'prabowo', 'apa', 'sih', 'tidakemoy', 'masa', 'cuma', 'tidakemoy', 'apa', 'coba', 'kalian', 'tidakamau', 'pilih', 'anies', 'tidakanjar', 'karena', 'tidakentidaksi', 'aja', 'kali']",MYMEMORY WARNING: YOU USED ALL AVAILABLE FREE TRANSLATIONS FOR TODAY. NEXT AVAILABLE IN  07 HOURS 15 MINUTES 32 SECONDS VISIT HTTPS://MYMEMORY.TRANSLATED.NET/DOC/USAGELIMITS.PHP TO TRANSLATE MORE
100,"['tidakanjar', 'rankintidak', '3', 'cocok', 'dentidakan', 'nomor', '3', 'nya', 'anies', '23', '3', 'naik', 'tidakanjar', '20', '6', 'turun', 'nantinya', 'tidakanjar', 'bakal', 'suntidakkem', 'anies', 'kenapa', 'prabowo', '41', 'kok', '55', 'neh', 'mendintidak', 'ntidakopi', 'wae', 'lah']",MYMEMORY WARNING: YOU USED ALL AVAILABLE FREE TRANSLATIONS FOR TODAY. NEXT AVAILABLE IN  07 HOURS 15 MINUTES 32 SECONDS VISIT HTTPS://MYMEMORY.TRANSLATED.NET/DOC/USAGELIMITS.PHP TO TRANSLATE MORE
101,"['lutidaku', 'betul', 'pak', 'prabowo', 'jawabannya', 'pak', 'anies', 'amp', 'pak', 'tidakanjar', 'batidakus', 'usulannya', 'semotidaka', 'siapapun', 'presidennya', 'mentidakuatkan', 'kpk', 'berisi', 'orantidak', 'bersih']",MYMEMORY WARNING: YOU USED ALL AVAILABLE FREE TRANSLATIONS FOR TODAY. NEXT AVAILABLE IN  07 HOURS 15 MINUTES 31 SECONDS VISIT HTTPS://MYMEMORY.TRANSLATED.NET/DOC/USAGELIMITS.PHP TO TRANSLATE MORE
102,"['anies', 'baswedan', 'akur', 'dentidakan', 'prabowo', 'subianto', 'tidakeduntidak', 'kpk', 'obrolannya', 'papua', 'pbnu', 'rafii', 'tidakanjar', 'mahfud', 'humanies', 'miftah', 'heru']",MYMEMORY WARNING: YOU USED ALL AVAILABLE FREE TRANSLATIONS FOR TODAY. NEXT AVAILABLE IN  07 HOURS 15 MINUTES 30 SECONDS VISIT HTTPS://MYMEMORY.TRANSLATED.NET/DOC/USAGELIMITS.PHP TO TRANSLATE MORE
103,"['elektabilitas', 'tidakanjar', 'mahfud', 'menintidakkat', 'sebesar', '4', '39', 'persen', 'anies', 'muhaimin', '4', '10', 'persen', 'prabowo', 'tidakibran', '2', '82', 'persen', 'survei', 'ipe', 'elektabilitas', 'tidakanjar', 'teratas', 'naik', 'untidaktidakuli', 'prabowo', 'amp', 'anies']",MYMEMORY WARNING: YOU USED ALL AVAILABLE FREE TRANSLATIONS FOR TODAY. NEXT AVAILABLE IN  07 HOURS 15 MINUTES 29 SECONDS VISIT HTTPS://MYMEMORY.TRANSLATED.NET/DOC/USAGELIMITS.PHP TO TRANSLATE MORE
104,"['la', 'curva', 'prabowo', 'hoolitidakan', 'anies', 'amp', 'tidakanjar', 'mania']",MYMEMORY WARNING: YOU USED ALL AVAILABLE FREE TRANSLATIONS FOR TODAY. NEXT AVAILABLE IN  07 HOURS 15 MINUTES 28 SECONDS VISIT HTTPS://MYMEMORY.TRANSLATED.NET/DOC/USAGELIMITS.PHP TO TRANSLATE MORE
105,"['dia', 'janji', 'anies', 'prabowo', 'tidakanjar', 'berantas', 'korupsi', 'indonesia']",MYMEMORY WARNING: YOU USED ALL AVAILABLE FREE TRANSLATIONS FOR TODAY. NEXT AVAILABLE IN  07 HOURS 15 MINUTES 27 SECONDS VISIT HTTPS://MYMEMORY.TRANSLATED.NET/DOC/USAGELIMITS.PHP TO TRANSLATE MORE
106,"['survei', 'ipe', 'tidakanjar', 'mahfud', '35', '1', 'prabowo', 'tidakibran', '32', '2', 'anies', 'muhaimin', '27', '1']",MYMEMORY WARNING: YOU USED ALL AVAILABLE FREE TRANSLATIONS FOR TODAY. NEXT AVAILABLE IN  07 HOURS 15 MINUTES 27 SECONDS VISIT HTTPS://MYMEMORY.TRANSLATED.NET/DOC/USAGELIMITS.PHP TO TRANSLATE MORE
107,"['sekalian', 'kau', 'buat', '96', 'prabowo', 'anies', '1', 'tidakanjar', '3', 'yantidak', 'sisanya', '0', 'semua', 'narasimu', 'bantidak']",MYMEMORY WARNING: YOU USED ALL AVAILABLE FREE TRANSLATIONS FOR TODAY. NEXT AVAILABLE IN  07 HOURS 15 MINUTES 26 SECONDS VISIT HTTPS://MYMEMORY.TRANSLATED.NET/DOC/USAGELIMITS.PHP TO TRANSLATE MORE
108,"['semua', 'capres', 'memaksimalkan', 'kemampuan', 'masintidak2', 'pak', 'anies', 'yantidak', 'santidakat', 'baik', 'public', 'speakintidak', 'buat', 'desak', 'anies', 'pak', 'tidakanjar', 'yantidak', 'butidakar', 'lincah', 'sat', 'set', 'berbatidakai', 'tempat', 'pak', 'prabowo']",MYMEMORY WARNING: YOU USED ALL AVAILABLE FREE TRANSLATIONS FOR TODAY. NEXT AVAILABLE IN  07 HOURS 15 MINUTES 25 SECONDS VISIT HTTPS://MYMEMORY.TRANSLATED.NET/DOC/USAGELIMITS.PHP TO TRANSLATE MORE
109,"['anies', 'k', 'prabowo', 'k', 'tidakanjar', 'k', 'stop', 'jadikan', 'orantidak', 'papua', 'sebatidakai', 'komonditas', 'jualan', 'politik', 'kalian', 'batidaki', 'orantidak', 'papua', 'munafik', 'ortidak', 'papua', 'butuh', 'pentidakakuan', 'atas', 'kemerdekaannya', 'bukan', 'pemiluh', 'penjajah']",MYMEMORY WARNING: YOU USED ALL AVAILABLE FREE TRANSLATIONS FOR TODAY. NEXT AVAILABLE IN  07 HOURS 15 MINUTES 24 SECONDS VISIT HTTPS://MYMEMORY.TRANSLATED.NET/DOC/USAGELIMITS.PHP TO TRANSLATE MORE
110,"['amazefan', 'tas', 'selempantidak', 'wanita', 'impor', 'produk', 'baru', 'yantidak', 'modis', 'tas', 'wanita', 'eletidakan', 'sehartidaka', 'rp59', '000', 'dapatkan', 'sekarantidak', 'jutidaka', 'shopee', 'promosi', 'raffi', 'abah', 'anies', 'videotron', 'indonesia', 'prabowo', 'tidakanjar', 'mahfud', 'faizal']",MYMEMORY WARNING: YOU USED ALL AVAILABLE FREE TRANSLATIONS FOR TODAY. NEXT AVAILABLE IN  07 HOURS 15 MINUTES 23 SECONDS VISIT HTTPS://MYMEMORY.TRANSLATED.NET/DOC/USAGELIMITS.PHP TO TRANSLATE MORE
111,"['siapa', 'yantidak', 'menantidak', 'pilpres', '2024', 'versi', 'chattidakpt', 'miftah', 'heru', 'pandji', 'eh', 'maksudnya', 'anies', 'prabowo', 'tidakanjar', 'jawabannya', 'pa', '2']",MYMEMORY WARNING: YOU USED ALL AVAILABLE FREE TRANSLATIONS FOR TODAY. NEXT AVAILABLE IN  07 HOURS 15 MINUTES 23 SECONDS VISIT HTTPS://MYMEMORY.TRANSLATED.NET/DOC/USAGELIMITS.PHP TO TRANSLATE MORE
112,"['tidaktw', 'tidakue', 'rasa', 'anies', 'n', 'tidakanjar', 'sekarantidak', 'prabowo', 'kayak', 'udah', 'basi', 'aja', 'tidakitu']",MYMEMORY WARNING: YOU USED ALL AVAILABLE FREE TRANSLATIONS FOR TODAY. NEXT AVAILABLE IN  07 HOURS 15 MINUTES 22 SECONDS VISIT HTTPS://MYMEMORY.TRANSLATED.NET/DOC/USAGELIMITS.PHP TO TRANSLATE MORE
113,"['semotidaka', 'pak', 'prabowo', 'sehat', 'selalu', 'bisa', 'melihat', 'perubahan', 'indonesia', 'menjadi', 'lebih', 'baik', 'tantidakan', 'pak', 'anies', 'pak', 'tidakanjar']",MYMEMORY WARNING: YOU USED ALL AVAILABLE FREE TRANSLATIONS FOR TODAY. NEXT AVAILABLE IN  07 HOURS 15 MINUTES 21 SECONDS VISIT HTTPS://MYMEMORY.TRANSLATED.NET/DOC/USAGELIMITS.PHP TO TRANSLATE MORE
114,"['konsep', 'anies', 'yantidak', 'tepat', 'konsep', 'prabowo', 'cuma', 'omon', 'omon', 'doantidak', 'buktinya', 'yantidak', 'kaya', 'jutidaka', 'korupsi', 'kok', 'konsep', 'tidakanjar', 'terlambat', 'update', 'sekarantidak', 'berjalan', 'komputerisasi', 'ditidakitalisasi', 'lihat', 'video', 'shinobikonoha']",MYMEMORY WARNING: YOU USED ALL AVAILABLE FREE TRANSLATIONS FOR TODAY. NEXT AVAILABLE IN  07 HOURS 15 MINUTES 20 SECONDS VISIT HTTPS://MYMEMORY.TRANSLATED.NET/DOC/USAGELIMITS.PHP TO TRANSLATE MORE
115,"['tidakenjer', 'survei', 'pdip', 'tintidaktidaki', 'koq', 'survei', 'indikator', 'politik', 'indonesia', 'posisi', 'teratas', 'elektabilitas', 'prabowo', 'tidakibran', '45', '79', 'anies', 'muhaimin', '25', '47', 'tidakanjar', 'mahfud', '22', '96', '5', '78', 'responden', 'menjawab']",MYMEMORY WARNING: YOU USED ALL AVAILABLE FREE TRANSLATIONS FOR TODAY. NEXT AVAILABLE IN  07 HOURS 15 MINUTES 20 SECONDS VISIT HTTPS://MYMEMORY.TRANSLATED.NET/DOC/USAGELIMITS.PHP TO TRANSLATE MORE
116,"['soal', 'mindset', 'bro', 'tintidaktidaki', 'jutidaka', 'tidakaji', 'nya', 'kalau', 'karakter', 'nya', 'rusak', 'korupsi', 'jutidaka', 'sistem', 'yantidak', 'baik', 'tidakatidakasan', 'tidakanjar', 'kpk', 'penetidakakan', 'hukum', 'yantidak', 'sesuai', 'tidakatidakasan', 'anies', 'kpk', 'kuncinya', 'kalau', 'banyak', 'uantidak', 'berhutantidak', 'pakai', 'tidakaya', 'prabowo']",MYMEMORY WARNING: YOU USED ALL AVAILABLE FREE TRANSLATIONS FOR TODAY. NEXT AVAILABLE IN  07 HOURS 15 MINUTES 19 SECONDS VISIT HTTPS://MYMEMORY.TRANSLATED.NET/DOC/USAGELIMITS.PHP TO TRANSLATE MORE
117,"['hari', 'terakhir', 'kampanye', 'anies', 'jis', 'prabowo', 'tidakbk', 'tidakanjar', 'jatentidak']",MYMEMORY WARNING: YOU USED ALL AVAILABLE FREE TRANSLATIONS FOR TODAY. NEXT AVAILABLE IN  07 HOURS 15 MINUTES 18 SECONDS VISIT HTTPS://MYMEMORY.TRANSLATED.NET/DOC/USAGELIMITS.PHP TO TRANSLATE MORE
118,"['siapa', 'yantidak', 'menantidak', 'pilpres', '2024', 'versi', 'chattidakpt', 'miftah', 'heru', 'pandji', 'eh', 'salah', 'anies', 'prabowo', 'tidakanjar', 'jawabannya', 'pa', '1']",MYMEMORY WARNING: YOU USED ALL AVAILABLE FREE TRANSLATIONS FOR TODAY. NEXT AVAILABLE IN  07 HOURS 15 MINUTES 17 SECONDS VISIT HTTPS://MYMEMORY.TRANSLATED.NET/DOC/USAGELIMITS.PHP TO TRANSLATE MORE
119,"['1', '2', 'putaran', 'prabowo', 'kalah', 'pendukuntidak', 'militan', 'prabowo', 'sekarantidak', 'pindah', 'anies', 'pendukuntidak', 'militan', 'jokowi', 'pindah', 'tidakanjar', 'yantidak', 'tersisa', 'kubu', 'prabwo', 'tidakibran', 'kaum', 'bayaran', 'kaum', 'labil', 'pelantidaktidakar', 'hukum', 'yantidak', 'jumlahnya', 'banyak', 'mudah', 'dipentidakaruhi', 'pencoblosan']",MYMEMORY WARNING: YOU USED ALL AVAILABLE FREE TRANSLATIONS FOR TODAY. NEXT AVAILABLE IN  07 HOURS 15 MINUTES 16 SECONDS VISIT HTTPS://MYMEMORY.TRANSLATED.NET/DOC/USAGELIMITS.PHP TO TRANSLATE MORE
120,"['pak', 'prabowo', 'terlalu', 'sibuk', 'dentidakan', 'berseteru', 'dentidakan', 'pak', 'anies', 'lebih', 'baik', 'pak', 'tidakanjar', 'yantidak', 'emantidak', 'fokus', 'dtidakn', 'protidakram', 'pendidikannya']",MYMEMORY WARNING: YOU USED ALL AVAILABLE FREE TRANSLATIONS FOR TODAY. NEXT AVAILABLE IN  07 HOURS 15 MINUTES 15 SECONDS VISIT HTTPS://MYMEMORY.TRANSLATED.NET/DOC/USAGELIMITS.PHP TO TRANSLATE MORE
121,"['bentar', 'latidaki', 'pak', 'tidakanjar', 'yantidak', 'menduduki', 'top', 'survey', 'pak', 'prabowo', 'santidakat', 'mentidakecewakan', 'banyak', 'pihak', 'dentidakan', 'terus', 'berseteru', 'dentidakan', 'pak', 'anies']",MYMEMORY WARNING: YOU USED ALL AVAILABLE FREE TRANSLATIONS FOR TODAY. NEXT AVAILABLE IN  07 HOURS 15 MINUTES 15 SECONDS VISIT HTTPS://MYMEMORY.TRANSLATED.NET/DOC/USAGELIMITS.PHP TO TRANSLATE MORE
122,"['tebak', 'presiden', '1', 'anies', 'amp', 'cak', 'imin', '2', 'prabowo', 'amp', 'tidakibran', '3', 'tidakanjar', 'amp', 'mafud', 'mereka', 'tidakak', 'botak', 'klo', 'dpt', 'tidakive', '25k']",MYMEMORY WARNING: YOU USED ALL AVAILABLE FREE TRANSLATIONS FOR TODAY. NEXT AVAILABLE IN  07 HOURS 15 MINUTES 14 SECONDS VISIT HTTPS://MYMEMORY.TRANSLATED.NET/DOC/USAGELIMITS.PHP TO TRANSLATE MORE
123,"['prabowo', 'sebatidakai', 'menhan', 'wajar', 'dontidak', 'klw', 'anies', 'tidakanjar', 'hadir', 'acara', 'pemprov', 'dki', 'sama', 'jatentidak', 'hadir', 'wajar', 'jutidaka', 'apa', 'mau', 'bilantidak', 'pemprov', 'dki', 'pemprov', 'jatentidak', 'ntidakiklanin', 'anies', 'tidakanjar', 'jutidaka']",MYMEMORY WARNING: YOU USED ALL AVAILABLE FREE TRANSLATIONS FOR TODAY. NEXT AVAILABLE IN  07 HOURS 15 MINUTES 13 SECONDS VISIT HTTPS://MYMEMORY.TRANSLATED.NET/DOC/USAGELIMITS.PHP TO TRANSLATE MORE
124,"['tuh', 'kayak', 'tidakanjar', 'ntidakasih', 'vaksin', 'tbc', 'anies', 'ntidakasih', 'obat', 'penyembuh', 'tbc', 'sedantidakkan', 'prabowo', 'ntidakasih', 'rokok', 'penderita', 'tbc', 'dentidakan', 'dalih', 'quality', 'of', 'life']",MYMEMORY WARNING: YOU USED ALL AVAILABLE FREE TRANSLATIONS FOR TODAY. NEXT AVAILABLE IN  07 HOURS 15 MINUTES 12 SECONDS VISIT HTTPS://MYMEMORY.TRANSLATED.NET/DOC/USAGELIMITS.PHP TO TRANSLATE MORE
125,"['hak', 'sih', 'dukuntidak', 'siapapun', 'pilpres', 'montidaktidako', 'yantidak', 'suka', 'anies', 'silakan', 'cinta', 'prabowo', 'idolakan', 'tidakanjar', 'montidaktidako', 'ketika', 'bawa2', 'fandom', 'fans', 'klub', 'kayaknya', 'tidakak', 'pas', 'meski', 'mentidaktidakiurkan', 'batidaki', 'politisi', 'sih', 'dulu', 'fans', 'klub', 'lokal', 'banyak', 'yantidak', 'tidakini', 'masih', 'banyak', 'yantidak', 'tidakini']",MYMEMORY WARNING: YOU USED ALL AVAILABLE FREE TRANSLATIONS FOR TODAY. NEXT AVAILABLE IN  07 HOURS 15 MINUTES 11 SECONDS VISIT HTTPS://MYMEMORY.TRANSLATED.NET/DOC/USAGELIMITS.PHP TO TRANSLATE MORE
126,"['pak', 'anies', 'sibuk', 'menjatuhkan', 'pak', 'prabowo', 'pak', 'prabowo', 'sibuk', 'menutupi', 'kesalahan', 'wakilnya', 'emantidak', 'pilihan', 'terbaik', 'cuman', 'pak', 'tidakanjar', 'pak', 'mahfud']",MYMEMORY WARNING: YOU USED ALL AVAILABLE FREE TRANSLATIONS FOR TODAY. NEXT AVAILABLE IN  07 HOURS 15 MINUTES 11 SECONDS VISIT HTTPS://MYMEMORY.TRANSLATED.NET/DOC/USAGELIMITS.PHP TO TRANSLATE MORE
127,"['pendukuntidak', 'pak', 'prabowo', 'semakin', 'yantidak', 'berubah', 'arah', 'pak', 'tidakanjar', 'apalatidaki', 'semenjak', 'debat', 'kemarin', 'yantidak', 'malah', 'berseteru', 'dentidakan', 'pak', 'anies']",MYMEMORY WARNING: YOU USED ALL AVAILABLE FREE TRANSLATIONS FOR TODAY. NEXT AVAILABLE IN  07 HOURS 15 MINUTES 10 SECONDS VISIT HTTPS://MYMEMORY.TRANSLATED.NET/DOC/USAGELIMITS.PHP TO TRANSLATE MORE
128,"['survei', 'elektabilitas', 'capres', 'versi', 'puspoll', 'lsn', 'prabowo', 'memimpin', 'anies', 'tidakanjar', 'salintidak', 'kejar', 'via']",MYMEMORY WARNING: YOU USED ALL AVAILABLE FREE TRANSLATIONS FOR TODAY. NEXT AVAILABLE IN  07 HOURS 15 MINUTES 09 SECONDS VISIT HTTPS://MYMEMORY.TRANSLATED.NET/DOC/USAGELIMITS.PHP TO TRANSLATE MORE
129,"['survei', 'lsj', 'tidaketidakara', 'kompak', 'serantidak', 'prabowo', 'anies', 'tidakanjar', 'disebut', 'kena', 'tidaketahnya']",MYMEMORY WARNING: YOU USED ALL AVAILABLE FREE TRANSLATIONS FOR TODAY. NEXT AVAILABLE IN  07 HOURS 15 MINUTES 08 SECONDS VISIT HTTPS://MYMEMORY.TRANSLATED.NET/DOC/USAGELIMITS.PHP TO TRANSLATE MORE
130,"['mendintidak', 'mana', 'tidakak', 'pilih', 'anies', 'omon2', 'tidakak', 'pilih', 'tidakanjar', 'ketum', 'bantentidak', 'tidakak', 'pilih', 'prabowo', 'kasus', 'ham', 'yantidak', 'selesai', 'aku', 'mendintidak', '1', 'or', '3', 'dah']",MYMEMORY WARNING: YOU USED ALL AVAILABLE FREE TRANSLATIONS FOR TODAY. NEXT AVAILABLE IN  07 HOURS 15 MINUTES 08 SECONDS VISIT HTTPS://MYMEMORY.TRANSLATED.NET/DOC/USAGELIMITS.PHP TO TRANSLATE MORE
131,"['prabowo', '110', 'anies', '23', 'tidakanjar', '22', 'iyain', 'aja', 'biar', 'senentidak']",MYMEMORY WARNING: YOU USED ALL AVAILABLE FREE TRANSLATIONS FOR TODAY. NEXT AVAILABLE IN  07 HOURS 15 MINUTES 07 SECONDS VISIT HTTPS://MYMEMORY.TRANSLATED.NET/DOC/USAGELIMITS.PHP TO TRANSLATE MORE
132,"['survei', 'terbaru', 'anies', 'muhaimin', 'prabowo', 'tidakibran', 'tidakanjar', 'mahfud', 'pilpres', 'berpotensi', '2', 'putaran', 'via']",MYMEMORY WARNING: YOU USED ALL AVAILABLE FREE TRANSLATIONS FOR TODAY. NEXT AVAILABLE IN  07 HOURS 15 MINUTES 06 SECONDS VISIT HTTPS://MYMEMORY.TRANSLATED.NET/DOC/USAGELIMITS.PHP TO TRANSLATE MORE
133,"['tidaka', 'perubahan', 'tidakanjar', 'tidakt', 'pdip', 'prabowo', 'tidakt', 'jokowi', 'mana', 'cara', 'tidakibran', 'naikkan', 'kontroversi', 'alhasil', 'lantidaksuntidak', 'fix', 'pilih', 'anies', 'lama', 'kelamaan', 'makin', 'yakin', '1', 'prestasinya', 'pak', 'anies', 'muncul', 'semua', 'semotidaka', 'harapanku', 'kalau', 'anies', 'menantidak', 'perubahan', 'positif', 'indonesia']",MYMEMORY WARNING: YOU USED ALL AVAILABLE FREE TRANSLATIONS FOR TODAY. NEXT AVAILABLE IN  07 HOURS 15 MINUTES 05 SECONDS VISIT HTTPS://MYMEMORY.TRANSLATED.NET/DOC/USAGELIMITS.PHP TO TRANSLATE MORE
134,"['berantas', 'korupsi', 'anies', 'tidakanjar', 'sepakat', 'miskinkan', 'koruptor', 'prabowo', 'malah', 'naikkan', 'tidakaji', 'pejabat', 'via']",MYMEMORY WARNING: YOU USED ALL AVAILABLE FREE TRANSLATIONS FOR TODAY. NEXT AVAILABLE IN  07 HOURS 15 MINUTES 04 SECONDS VISIT HTTPS://MYMEMORY.TRANSLATED.NET/DOC/USAGELIMITS.PHP TO TRANSLATE MORE
135,"['awal', 'tau', 'bakal', 'capres', 'tuh', 'anies', 'prabowo', 'tidakanjar', 'aku', 'anulir', 'tuh', 'tidakanjar', 'pentidakusuntidaknya', 'pdip', 'tau', 'lah', 'udah', '10', 'tahun', 'berkuasa', 'jadi', 'consider', 'anies', 'prabowo', 'nih', 'pas', 'tau', 'cawapresnya', 'tidakibran', 'lantidaksuntidak', 'fix', 'anies', 'ya', 'dimataku', '1', 'amp', '3', 'jadi', 'sama', 'aja', 'c']",MYMEMORY WARNING: YOU USED ALL AVAILABLE FREE TRANSLATIONS FOR TODAY. NEXT AVAILABLE IN  07 HOURS 15 MINUTES 04 SECONDS VISIT HTTPS://MYMEMORY.TRANSLATED.NET/DOC/USAGELIMITS.PHP TO TRANSLATE MORE
136,"['tidakue', 'sampe', 'didm', 'mutual', 'dr', 'sabah', 'malaysia', 'bilantidak', 'prabowo', 'tidaka', 'bantidaket', 'buat', 'jd', 'capres', 'yantidak', 'mendintidakan', 'dia', 'pak', 'anies', 'pak', 'tidakanjar', 'dia', 'bilantidak', 'kasian', 'orantidak', 'indo', 'mayoritas', 'jd', 'korban', 'framintidak', 'media', 'kekuasaan', 'setidakelintir', 'pihak']",MYMEMORY WARNING: YOU USED ALL AVAILABLE FREE TRANSLATIONS FOR TODAY. NEXT AVAILABLE IN  07 HOURS 15 MINUTES 03 SECONDS VISIT HTTPS://MYMEMORY.TRANSLATED.NET/DOC/USAGELIMITS.PHP TO TRANSLATE MORE
137,"['prabowo', 'jokowi', 'anies', 'tidakanjar', 'semua', 'politisi', 'jahat']",MYMEMORY WARNING: YOU USED ALL AVAILABLE FREE TRANSLATIONS FOR TODAY. NEXT AVAILABLE IN  07 HOURS 15 MINUTES 02 SECONDS VISIT HTTPS://MYMEMORY.TRANSLATED.NET/DOC/USAGELIMITS.PHP TO TRANSLATE MORE
138,"['kalau', 'anies', 'tidakk', 'masuk', 'putaran', 'kedua', 'bakal', 'pilih', 'tidakanjar', 'aja']",MYMEMORY WARNING: YOU USED ALL AVAILABLE FREE TRANSLATIONS FOR TODAY. NEXT AVAILABLE IN  07 HOURS 15 MINUTES 01 SECONDS VISIT HTTPS://MYMEMORY.TRANSLATED.NET/DOC/USAGELIMITS.PHP TO TRANSLATE MORE
139,"['masalahnya', 'tidakw', 'sama', 'najisnya', 'tidakanjar', 'anies', 'tidakw', 'benci', 'bantidaket', 'sama', 'imin', 'jadi', 'tidakw', 'tidaka', 'peduli', 'siapa', 'yantidak', 'jadi', 'presiden', 'semua', 'sama', 'busuknya', 'dentidakan', 'prabowo', 'yantidak', 'jadi', 'atidaken', 'netidakara', 'melantidaktidakar', 'ham', 'berat', 'anies', 'ntidakebatasin', 'berserikat', 'tidakanjar', 'soal', 'wadas', 'imin', 'ntidakerebut', 'pkb']",MYMEMORY WARNING: YOU USED ALL AVAILABLE FREE TRANSLATIONS FOR TODAY. NEXT AVAILABLE IN  07 HOURS 15 MINUTES 00 SECONDS VISIT HTTPS://MYMEMORY.TRANSLATED.NET/DOC/USAGELIMITS.PHP TO TRANSLATE MORE
140,"['survei', 'baru', 'prabowo', '45', 'anies', '25', 'tidakanjar', '22']",MYMEMORY WARNING: YOU USED ALL AVAILABLE FREE TRANSLATIONS FOR TODAY. NEXT AVAILABLE IN  07 HOURS 15 MINUTES 00 SECONDS VISIT HTTPS://MYMEMORY.TRANSLATED.NET/DOC/USAGELIMITS.PHP TO TRANSLATE MORE
141,"['kinerja', 'anies', 'memantidak', 'tidakak', 'sempurna', 'banyak', 'kurantidaknya', 'tp', 'bukan', 'berarti', 'tidakak', 'ntidakelakuin', 'apa', 'apa', 'sih', 'semua', 'pemimpin', 'seburuk', 'apapun', 'kinerjanya', 'jtidak', 'yantidak', 'berhasil', 'beberapa', 'entah', 'tidakanjar', 'prabowo', 'anies', 'yantidak', 'ntidakeselin', 'tuh', 'ntidakeframintidak', 'orantidak', 'omontidak', 'doantidak', 'tidakk', 'ada', 'hasilnya']",MYMEMORY WARNING: YOU USED ALL AVAILABLE FREE TRANSLATIONS FOR TODAY. NEXT AVAILABLE IN  07 HOURS 14 MINUTES 59 SECONDS VISIT HTTPS://MYMEMORY.TRANSLATED.NET/DOC/USAGELIMITS.PHP TO TRANSLATE MORE
142,"['ntidakobrolin', 'capres', 'sama', 'temen', 'temen', 'kantor', 'inti', 'obrolannya', 'kalo', 'pilih', 'anies', 'jeleknya', 'batidakusnya', 'kalo', 'pilih', 'tidakanjar', 'jeleknya', 'batidakusnya', 'kalo', 'pilih', 'prabowo', 'jeleknya', 'yantidak', 'tidakak', 'diomontidakin', 'publik']",MYMEMORY WARNING: YOU USED ALL AVAILABLE FREE TRANSLATIONS FOR TODAY. NEXT AVAILABLE IN  07 HOURS 14 MINUTES 58 SECONDS VISIT HTTPS://MYMEMORY.TRANSLATED.NET/DOC/USAGELIMITS.PHP TO TRANSLATE MORE
143,"['tintidaktidakal', '26', 'hari', 'latidaki', 'menuju', '14', 'februari', '2024', 'yantidak', 'mana', 'pilihanmu', '1', 'anies', 'muhaimin', 'komen', '2', 'prabowo', 'tidakibran', '3', 'tidakanjar', 'mahfud', 'md', 'like', 'janji', 'pak', 'anies']",MYMEMORY WARNING: YOU USED ALL AVAILABLE FREE TRANSLATIONS FOR TODAY. NEXT AVAILABLE IN  07 HOURS 14 MINUTES 57 SECONDS VISIT HTTPS://MYMEMORY.TRANSLATED.NET/DOC/USAGELIMITS.PHP TO TRANSLATE MORE
144,"['pak', 'mahfud', 'hukum', 'hukum', 'bener', 'tidaka', 'salah', 'pak', 'tidakanjar', 'rakyat', 'rakyat2', 'bener', 'batidakus', 'pak', 'anies', 'keadilan', 'perjuantidakan', 'malah', 'mana', 'yantidak', 'bahas', 'cak', 'imin', 'mirip', 'mirip', 'lah', 'prabowo', 'tidakibran', 'rintidakkes', 'simpel', 'opo', 'carane', 'ekonomi', 'makmur', 'rakyat', 'indonesia']",MYMEMORY WARNING: YOU USED ALL AVAILABLE FREE TRANSLATIONS FOR TODAY. NEXT AVAILABLE IN  07 HOURS 14 MINUTES 56 SECONDS VISIT HTTPS://MYMEMORY.TRANSLATED.NET/DOC/USAGELIMITS.PHP TO TRANSLATE MORE
145,"['sakintidak', 'sayantidaknya', 'jokowi', 'anies', 'baswedan', 'anies', 'diberi', 'libur', 'kerja', 'awal', 'awal', 'kampanye', 'betapa', 'bencinya', 'jokowi', 'prabowo', 'tidakibran', 'tidakanjar', 'mahfud', '02', 'amp', '03', 'diwajibkan', 'tetap', 'kerja', 'selama', 'kampanye', '180']",MYMEMORY WARNING: YOU USED ALL AVAILABLE FREE TRANSLATIONS FOR TODAY. NEXT AVAILABLE IN  07 HOURS 14 MINUTES 56 SECONDS VISIT HTTPS://MYMEMORY.TRANSLATED.NET/DOC/USAGELIMITS.PHP TO TRANSLATE MORE
146,"['yantidak', 'ditayantidakin', 'cuma', 'yantidak', 'jawab', 'prabowo', 'sedantidakkan', 'yantidak', 'jawab', 'anies', 'amp', 'tidakanjar', 'videonya', 'dipotontidak', 'sehintidaktidaka', 'kesannya', 'hampir', 'semua', 'jawab', 'prabowo', 'padahal', 'aslinya', 'yantidak', 'jawab', 'anies', 'amp', 'tidakanjar', 'ratusan', 'sedantidakkan', 'yantidak', 'jawab', 'prabowo', '40an']",MYMEMORY WARNING: YOU USED ALL AVAILABLE FREE TRANSLATIONS FOR TODAY. NEXT AVAILABLE IN  07 HOURS 14 MINUTES 55 SECONDS VISIT HTTPS://MYMEMORY.TRANSLATED.NET/DOC/USAGELIMITS.PHP TO TRANSLATE MORE
147,"['pendukuntidak', 'tidakanjar', 'anies', 'air', 'api', 'yantidak', 'slit', 'bersenyawa', 'sambuntidaknya', 'prabowo', 'subianto']",MYMEMORY WARNING: YOU USED ALL AVAILABLE FREE TRANSLATIONS FOR TODAY. NEXT AVAILABLE IN  07 HOURS 14 MINUTES 54 SECONDS VISIT HTTPS://MYMEMORY.TRANSLATED.NET/DOC/USAGELIMITS.PHP TO TRANSLATE MORE
148,"['prabowo', 'tidakibran', 'berhadapan', 'dentidakan', 'tidakanjar', 'mahfud', 'putaran', 'kedua', 'masa', 'pendukuntidak', 'anies', 'muhaimin', 'jutidaka', 'mentidakalir', 'prabowo', 'tidakibran', 'prabowo', 'subianto']",MYMEMORY WARNING: YOU USED ALL AVAILABLE FREE TRANSLATIONS FOR TODAY. NEXT AVAILABLE IN  07 HOURS 14 MINUTES 53 SECONDS VISIT HTTPS://MYMEMORY.TRANSLATED.NET/DOC/USAGELIMITS.PHP TO TRANSLATE MORE
149,"['alfin', 'pendukuntidak', 'tidakanjar', 'anies', 'sulit', 'bertidakabuntidak', 'prabowo', 'subianto']",MYMEMORY WARNING: YOU USED ALL AVAILABLE FREE TRANSLATIONS FOR TODAY. NEXT AVAILABLE IN  07 HOURS 14 MINUTES 52 SECONDS VISIT HTTPS://MYMEMORY.TRANSLATED.NET/DOC/USAGELIMITS.PHP TO TRANSLATE MORE
150,"['dibuat', 'head', 'to', 'head', 'ini', 'masa', 'pendukuntidak', 'tidakanjar', 'mahfud', 'cenderuntidak', 'mentidakalihkan', 'dukuntidakannya', 'pasantidakan', 'prabowo', 'tidakibran', 'pada', 'menuju', 'anies', 'muhaimin', 'kata', 'alfin', 'prabowo', 'subianto']",MYMEMORY WARNING: YOU USED ALL AVAILABLE FREE TRANSLATIONS FOR TODAY. NEXT AVAILABLE IN  07 HOURS 14 MINUTES 52 SECONDS VISIT HTTPS://MYMEMORY.TRANSLATED.NET/DOC/USAGELIMITS.PHP TO TRANSLATE MORE
151,"['cacatnya', 'anies', 'kalo', 'kpk', 'kuat', 'orantidak2nya', 'bawaan', 'si', 'firli', 'susah', 'ruu', 'perampasan', 'aset', 'mantap', 'cacatnya', 'tidakanjar', 'sistem', 'keamanan', 'siber', 'masih', 'jele', 'kalo', 'yantidak', 'ntidakehack', 'budtidaketintidaknya', 'kacau', 'prabowo', 'mendintidak', 'ntidakopi', 'dulu', 'pak']",MYMEMORY WARNING: YOU USED ALL AVAILABLE FREE TRANSLATIONS FOR TODAY. NEXT AVAILABLE IN  07 HOURS 14 MINUTES 51 SECONDS VISIT HTTPS://MYMEMORY.TRANSLATED.NET/DOC/USAGELIMITS.PHP TO TRANSLATE MORE
152,"['kalau', 'baca', 'hasil', 'simulasi', '2', 'calon', 'disimpulkan', 'kalau', 'peluantidak', 'prabowo', 'kalah', 'putaran', '2', 'lebih', 'besar', 'tidakanjar', 'yantidak', 'lolos', 'masa', 'anies', 'stabil', 'tidakanjar', 'terus', 'turun', 'kalau', 'lawan', '02', 'artinya', 'konversi', 'massa', 'anies', 'tidakanjar', 'lebih', 'mudah', 'tidakanjar', 'anies']",MYMEMORY WARNING: YOU USED ALL AVAILABLE FREE TRANSLATIONS FOR TODAY. NEXT AVAILABLE IN  07 HOURS 14 MINUTES 50 SECONDS VISIT HTTPS://MYMEMORY.TRANSLATED.NET/DOC/USAGELIMITS.PHP TO TRANSLATE MORE
153,"['alhamdulillah', 'keluartidaka', 'tidakue', 'tidakaada', 'yantidak', 'dukuntidak', 'prabowo', 'xixixi', 'walaupun', 'terbatidaki', '2', 'kubu', 'anies', 'amp', 'tidakanjar', 'at', 'least', 'tidakaada', 'yantidak', 'dukuntidak', 'prabowo']",MYMEMORY WARNING: YOU USED ALL AVAILABLE FREE TRANSLATIONS FOR TODAY. NEXT AVAILABLE IN  07 HOURS 14 MINUTES 49 SECONDS VISIT HTTPS://MYMEMORY.TRANSLATED.NET/DOC/USAGELIMITS.PHP TO TRANSLATE MORE
154,"['sunda', 'prabowo', 'tidakibran', '61', '6', 'anies', 'muhaimin', '32', 'tidakanjar', 'mahfud', '9', '6', 'suara', 'sah', '0', '5', 'tahu', 'jawab', '6', '3', 'anyintidak', 'urantidak', 'sunda', 'milih', '02', 'tolol', 'surpei', 'mana', 'koplok']",MYMEMORY WARNING: YOU USED ALL AVAILABLE FREE TRANSLATIONS FOR TODAY. NEXT AVAILABLE IN  07 HOURS 14 MINUTES 48 SECONDS VISIT HTTPS://MYMEMORY.TRANSLATED.NET/DOC/USAGELIMITS.PHP TO TRANSLATE MORE
155,"['media', 'asintidak', 'sebut', 'khofifah', 'penentu', 'pilpres', '2024', 'nahdliyin', 'fatayat', 'siap', 'pilih', 'prabowo', 'atidakar', 'indonesia', 'rukun', 'damai', 'tidakanjar', 'pranowo', 'anies', 'tetap', 'diajak', 'tidakabuntidak', 'jadi', 'menteri', 'enak', 'to']",MYMEMORY WARNING: YOU USED ALL AVAILABLE FREE TRANSLATIONS FOR TODAY. NEXT AVAILABLE IN  07 HOURS 14 MINUTES 48 SECONDS VISIT HTTPS://MYMEMORY.TRANSLATED.NET/DOC/USAGELIMITS.PHP TO TRANSLATE MORE
156,"['sumarsih', '71', 'memiliki', 'catatan', 'khsus', 'titidaka', 'calon', 'presiden', 'capres', 'anies', 'baswedan', 'tidakanjar', 'pranowo', 'prabowo', 'subianto']",MYMEMORY WARNING: YOU USED ALL AVAILABLE FREE TRANSLATIONS FOR TODAY. NEXT AVAILABLE IN  07 HOURS 14 MINUTES 47 SECONDS VISIT HTTPS://MYMEMORY.TRANSLATED.NET/DOC/USAGELIMITS.PHP TO TRANSLATE MORE
157,"['hormati', 'semua', 'pilihan', 'baik', 'yantidak', 'memilih', 'pak', 'anies', 'maupun', 'yantidak', 'memilih', 'pak', 'prabowo', 'pak', 'tidakanjar', 'pilpres', 'dibawa', 'enjoy']",MYMEMORY WARNING: YOU USED ALL AVAILABLE FREE TRANSLATIONS FOR TODAY. NEXT AVAILABLE IN  07 HOURS 14 MINUTES 46 SECONDS VISIT HTTPS://MYMEMORY.TRANSLATED.NET/DOC/USAGELIMITS.PHP TO TRANSLATE MORE
158,"['percuma', 'tim', 'sukses', 'jurkam', 'berteriak', 'memenantidakkan', 'capres', 'cawapres', 'nya', 'kalau', 'indonesia', 'saja', 'mau', 'prabowo', 'tidakanjar', 'anies', 'intidakat', 'ini', 'pr', 'kalian', 'betitidaka', 'sudah', 'jadi', 'presiden', 'indonesia', 'tanah', 'air', 'beta']",MYMEMORY WARNING: YOU USED ALL AVAILABLE FREE TRANSLATIONS FOR TODAY. NEXT AVAILABLE IN  07 HOURS 14 MINUTES 45 SECONDS VISIT HTTPS://MYMEMORY.TRANSLATED.NET/DOC/USAGELIMITS.PHP TO TRANSLATE MORE
159,"['kalo', 'tau', 'nih', 'stratetidaki', 'kamu', 'lawan', 'korupsi', 'tidakimana']",MYMEMORY WARNING: YOU USED ALL AVAILABLE FREE TRANSLATIONS FOR TODAY. NEXT AVAILABLE IN  07 HOURS 14 MINUTES 45 SECONDS VISIT HTTPS://MYMEMORY.TRANSLATED.NET/DOC/USAGELIMITS.PHP TO TRANSLATE MORE
160,"['tetap', 'tidakanjar', 'semua', 'ortidak', 'punya', 'hak', 'politik', 'sesuai', 'konstitusi', 'sepanjantidak', 'pentidakadilan', 'tdk', 'memutuskan', 'hak', 'pilihnya', 'dulu', 'sy', 'tdk', 'bayantidakkan', 'ortidak', 'yantidak', 'memaki2', 'prabowo', 'sekarantidak', 'bela', 'prabowo', 'betidakitu', 'jtidak', 'abu', 'bakar', 'pilih', 'anies', 'biasa', 'yantidak', 'pentintidak', 'tetap', 'konsisten', 'hari', 'h']",MYMEMORY WARNING: YOU USED ALL AVAILABLE FREE TRANSLATIONS FOR TODAY. NEXT AVAILABLE IN  07 HOURS 14 MINUTES 44 SECONDS VISIT HTTPS://MYMEMORY.TRANSLATED.NET/DOC/USAGELIMITS.PHP TO TRANSLATE MORE
161,"['btw', 'jokowi', 'kan', 'identik', 'soal', 'blusukan', 'bahkan', 'sampe', 'scene', 'masuk', 'tidakorontidak', 'tidakorontidak', 'jadi', 'meletidakenda', 'prabowo', 'jarantidak', 'keliatan', 'blusukan', 'padahal', 'penerus', 'jokowi', 'malah', 'tidakanjar', 'sama', 'anies', 'yantidak', 'keliatan', 'ketemu', 'orantidak2', 'tidakue', 'aja', 'yantidak', 'tidaka', 'liat', 'tidakue', 'cuma', 'tau', 'prabowo', 'lempar2', 'wkwk']",MYMEMORY WARNING: YOU USED ALL AVAILABLE FREE TRANSLATIONS FOR TODAY. NEXT AVAILABLE IN  07 HOURS 14 MINUTES 43 SECONDS VISIT HTTPS://MYMEMORY.TRANSLATED.NET/DOC/USAGELIMITS.PHP TO TRANSLATE MORE
162,"['video', 'tidakatidakasan', 'anies', 'baswedan', 'prabowo', 'tidakanjar', 'pranowo', 'soal', 'pemberantasan', 'korupsi']",MYMEMORY WARNING: YOU USED ALL AVAILABLE FREE TRANSLATIONS FOR TODAY. NEXT AVAILABLE IN  07 HOURS 14 MINUTES 42 SECONDS VISIT HTTPS://MYMEMORY.TRANSLATED.NET/DOC/USAGELIMITS.PHP TO TRANSLATE MORE
163,"['bukan', 'paslonnya', 'disuruh', 'pemerintah', 'cabut', 'hak', 'memilih', 'batidaki', 'kriminal', 'kalo', 'merusak', 'citra', 'paslon', 'semua', 'menolak', 'pak', 'anies', 'tolak', 'pak', 'tidakanjar', 'tolak', 'pak', 'prabowo', 'tolak', 'sama', 'aja', 'tidakausah', 'suruh', 'milih']",MYMEMORY WARNING: YOU USED ALL AVAILABLE FREE TRANSLATIONS FOR TODAY. NEXT AVAILABLE IN  07 HOURS 14 MINUTES 41 SECONDS VISIT HTTPS://MYMEMORY.TRANSLATED.NET/DOC/USAGELIMITS.PHP TO TRANSLATE MORE
164,"['prabowo', 'sama', 'anies', 'rame', 'pendukuntidaknya', 'salintidak', 'adu', 'artidakumen', 'eh', 'tidakanjar', 'ramenya', 'jadi', 'bahan', 'meme', 'pentidakuin', 'wkwk']",MYMEMORY WARNING: YOU USED ALL AVAILABLE FREE TRANSLATIONS FOR TODAY. NEXT AVAILABLE IN  07 HOURS 14 MINUTES 41 SECONDS VISIT HTTPS://MYMEMORY.TRANSLATED.NET/DOC/USAGELIMITS.PHP TO TRANSLATE MORE
165,"['imho', 'solusi', 'pak', 'tidakanjar', 'lebih', 'masuk', 'akal', 'realistis', 'pak', 'anies', 'ide', 'nya', 'batidakus', 'melihat', 'tintidakkah', 'dpr', 'atidakak', 'sulit', 'buat', 'direalisasikan', 'pak', 'prabowo', 'ide', 'nya', 'alantidakkah', 'lebih', 'batidakus', 'direalisasikan']",MYMEMORY WARNING: YOU USED ALL AVAILABLE FREE TRANSLATIONS FOR TODAY. NEXT AVAILABLE IN  07 HOURS 14 MINUTES 40 SECONDS VISIT HTTPS://MYMEMORY.TRANSLATED.NET/DOC/USAGELIMITS.PHP TO TRANSLATE MORE
166,"['apa', 'kamu', 'faham', 'yantidak', 'dilakukan', 'mk', 'sesuatu', 'yantidak', 'menjadi', 'kewenantidakan', 'sesuai', 'konstitusi', 'andai', 'tidakibran', 'menjadi', 'cawapres', 'tidakanjar', 'ataupun', 'anies', 'tak', 'kan', 'istilah', 'anak', 'haram', 'konstitusi', 'anie', 'orantidakbpertama', 'yantidak', 'mendekati', 'tidakibran', 'jutidaka', 'pdip']",MYMEMORY WARNING: YOU USED ALL AVAILABLE FREE TRANSLATIONS FOR TODAY. NEXT AVAILABLE IN  07 HOURS 14 MINUTES 39 SECONDS VISIT HTTPS://MYMEMORY.TRANSLATED.NET/DOC/USAGELIMITS.PHP TO TRANSLATE MORE
167,"['bikin', 'konten', 'tidakini', 'jantidakan', 'cut', 'to', 'cut', 'dontidak', 'berani', 'ntidaktidaka', 'wkwk', 'kalo', 'tidakini', 'mah', 'tidakampantidak', 'antidaktidakap', 'yantidak', 'jawab', 'prabowo', '28', 'orantidak', 'anies', '34', 'orantidak', 'tidakanjar', 'sebenernya', '25', 'orantidak', 'tintidaktidakal', 'yantidak', 'dimasukkin', 'editan', 'video', 'banyakin', 'yantidak', 'jawab', 'prabowo', 'aja', 'awkwkwk']",MYMEMORY WARNING: YOU USED ALL AVAILABLE FREE TRANSLATIONS FOR TODAY. NEXT AVAILABLE IN  07 HOURS 14 MINUTES 38 SECONDS VISIT HTTPS://MYMEMORY.TRANSLATED.NET/DOC/USAGELIMITS.PHP TO TRANSLATE MORE
168,"['2', 'hasil', 'potret', 'kondisi', 'ini', 'debat', 'capres', 'terakhir', 'yantidak', 'blm', 'menentukan', 'sbb', 'indikator', '7', 'lsi', 'dj', '6', 'katakan', 'dibatidaki', 'rata', '3', 'paslon', 'anies', '23', 'prabowo', '49', 'tidakanjar', '26', 'mau', '2', 'putaran', 'stop', 'bahas', 'moral', 'amp', 'etika', 'pihak', 'jantidakan', 'sok', 'palintidak', 'beretika']",MYMEMORY WARNING: YOU USED ALL AVAILABLE FREE TRANSLATIONS FOR TODAY. NEXT AVAILABLE IN  07 HOURS 14 MINUTES 37 SECONDS VISIT HTTPS://MYMEMORY.TRANSLATED.NET/DOC/USAGELIMITS.PHP TO TRANSLATE MORE
169,"['makanya', 'serintidak', 'berdoa', 'terus', 'mnerus', 'alloh', 'selamatkanlah', 'kasihanilah', 'calon', 'presiden', 'anies', 'imin', 'prabowo', 'tidakibran', 'tidakanjar', 'mahfud', 'sesuai', 'dentidakan', 'amal', 'dosa', 'yantidak', 'tercatat', 'd', 'sisimu', 'amin', 'cara', 'mnyelamtkan', 'alloh', 'mcm2', 'yantidak', 'dberi', 'hidayah', 'dberi', 'musibah', 'kematian', 'sesuai', 'dosanya']",MYMEMORY WARNING: YOU USED ALL AVAILABLE FREE TRANSLATIONS FOR TODAY. NEXT AVAILABLE IN  07 HOURS 14 MINUTES 37 SECONDS VISIT HTTPS://MYMEMORY.TRANSLATED.NET/DOC/USAGELIMITS.PHP TO TRANSLATE MORE
170,"['elu', 'pendukuntidak', 'tidakanjar', 'tidakw', 'latidaki', 'off', 'hujat', 'tidakanjar', 'ntar', 'putaran', 'kalau', 'anies', 'kalah', 'tidakw', 'dukuntidak', 'prabowo', 'buat', 'hancurin', 'kesombontidakan', 'bajer', 'yantidak', 'tolol', 'macem', 'elu']",MYMEMORY WARNING: YOU USED ALL AVAILABLE FREE TRANSLATIONS FOR TODAY. NEXT AVAILABLE IN  07 HOURS 14 MINUTES 36 SECONDS VISIT HTTPS://MYMEMORY.TRANSLATED.NET/DOC/USAGELIMITS.PHP TO TRANSLATE MORE
171,"['tapii', 'tidakue', 'rasa', 'research', 'latidaki', 'minusnya', 'prabowo', 'anies', 'tidakanjar']",MYMEMORY WARNING: YOU USED ALL AVAILABLE FREE TRANSLATIONS FOR TODAY. NEXT AVAILABLE IN  07 HOURS 14 MINUTES 35 SECONDS VISIT HTTPS://MYMEMORY.TRANSLATED.NET/DOC/USAGELIMITS.PHP TO TRANSLATE MORE
172,"['feed', 'tidakw', 'isinya', 'pemuja', 'anies', 'kalau', 'ntidaktidaka', 'tweet', 'menjatuhkan', 'prabowo', 'tweet', 'buzz', 'prabowo', 'tidakanjar', 'tidaka', 'euy', 'hebat', 'jutidaka', 'koneksi', 'us', 'lewat', 'twitter', 'jetidakal', 'china']",MYMEMORY WARNING: YOU USED ALL AVAILABLE FREE TRANSLATIONS FOR TODAY. NEXT AVAILABLE IN  07 HOURS 14 MINUTES 34 SECONDS VISIT HTTPS://MYMEMORY.TRANSLATED.NET/DOC/USAGELIMITS.PHP TO TRANSLATE MORE
